"lvl4_id","lvl4_name","lvl2_id","lvl2_name","lvl1_id","lvl1_name"
2011,Goudi,100,Athens - Center,105103,Attica
2015,Ilisia,100,Athens - Center,105103,Attica
2022,Kipseli,100,Athens - Center,105103,Attica
2025,Patision - Acharnon,100,Athens - Center,105103,Attica
2033,Neos Kosmos,100,Athens - Center,105103,Attica
2036,Patisia,100,Athens - Center,105103,Attica
2038,Petralona,100,Athens - Center,105103,Attica
2099,Kentro,100,Athens - Center,105103,Attica
2100,Agios Stefanos,101,Athens - North,105103,Attica
2101,Agia Paraskevi,101,Athens - North,105103,Attica
2102,Anoixi,101,Athens - North,105103,Attica
2103,Vrilissia,101,Athens - North,105103,Attica
2104,Dionisos,101,Athens - North,105103,Attica
2105,Drossia,101,Athens - North,105103,Attica
2106,Ekali,101,Athens - North,105103,Attica
2107,Iraklio,101,Athens - North,105103,Attica
2108,Kifissia,101,Athens - North,105103,Attica
2109,Krioneri,101,Athens - North,105103,Attica
2110,Lykovrisi,101,Athens - North,105103,Attica
2111,Marousi,101,Athens - North,105103,Attica
2112,Melissia,101,Athens - North,105103,Attica
2113,Nea Erithraia,101,Athens - North,105103,Attica
2114,Nea Penteli,101,Athens - North,105103,Attica
2115,Neo Psychiko,101,Athens - North,105103,Attica
2116,Papagou,101,Athens - North,105103,Attica
2117,Penteli,101,Athens - North,105103,Attica
2118,Pefki,101,Athens - North,105103,Attica
2119,Rodopoli,101,Athens - North,105103,Attica
2120,Stamata,101,Athens - North,105103,Attica
2121,Filothei,101,Athens - North,105103,Attica
2122,Chalandri,101,Athens - North,105103,Attica
2123,Cholargos,101,Athens - North,105103,Attica
2124,Paleo Psichiko,101,Athens - North,105103,Attica
2200,Agios Dimitrios,102,Athens - South,105103,Attica
2201,Alimos,102,Athens - South,105103,Attica
2202,Argyroupoli,102,Athens - South,105103,Attica
2203,Vari - Varkiza,102,Athens - South,105103,Attica
2205,Voula,102,Athens - South,105103,Attica
2206,Vouliagmeni,102,Athens - South,105103,Attica
2207,Vironas,102,Athens - South,105103,Attica
2208,Glyfada,102,Athens - South,105103,Attica
2209,Dafni,102,Athens - South,105103,Attica
2210,Elliniko,102,Athens - South,105103,Attica
2211,Zografou,102,Athens - South,105103,Attica
2212,Ilioupoli,102,Athens - South,105103,Attica
2214,Kaisariani,102,Athens - South,105103,Attica
2215,Kalithea,102,Athens - South,105103,Attica
2216,Nea Smyrni,102,Athens - South,105103,Attica
2217,Palaio Faliro,102,Athens - South,105103,Attica
2218,Imittos,102,Athens - South,105103,Attica
2300,Agia Varvara,103,Athens - West,105103,Attica
2301,Agioi Anargiroi,103,Athens - West,105103,Attica
2302,Aigaleo,103,Athens - West,105103,Attica
2303,Ano Liosia,107,Rest of Attica,105103,Attica
2304,Acharnes,103,Athens - West,105103,Attica
2305,Galatsi,103,Athens - West,105103,Attica
2306,Zefiri,107,Rest of Attica,105103,Attica
2308,Ilion,103,Athens - West,105103,Attica
2309,Kamatero,103,Athens - West,105103,Attica
2310,Metamorfosi,103,Athens - West,105103,Attica
2311,Nea Ionia,103,Athens - West,105103,Attica
2312,Nea Philadelfia,103,Athens - West,105103,Attica
2313,Nea Chalkidona,103,Athens - West,105103,Attica
2314,Peristeri,103,Athens - West,105103,Attica
2315,Petroupoli,103,Athens - West,105103,Attica
2316,Chaidari,103,Athens - West,105103,Attica
2400,Anthousa,104,Athens - East,105103,Attica
2401,Artemida (Loutsa),104,Athens - East,105103,Attica
2402,Gerakas,104,Athens - East,105103,Attica
2403,Glika Nera,104,Athens - East,105103,Attica
2404,Koropi,104,Athens - East,105103,Attica
2405,Marathonas,104,Athens - East,105103,Attica
2406,Markopoulo,107,Rest of Attica,105103,Attica
2407,Nea Makri,104,Athens - East,105103,Attica
2408,Paiania,104,Athens - East,105103,Attica
2409,Pallini,104,Athens - East,105103,Attica
2410,Pikermi,107,Rest of Attica,105103,Attica
2411,Rafina,107,Rest of Attica,105103,Attica
2412,Spata,104,Athens - East,105103,Attica
2506,Neo Faliro,105,Piraeus,105103,Attica
2600,Agios Ioannis Rentis,106,Piraeus suburbs,105103,Attica
2601,Agkistri,106001,Argosaronikos islands,105103,Attica
2602,Aegina,106001,Argosaronikos islands,105103,Attica
2603,Abelakia,106001,Argosaronikos islands,105103,Attica
2604,Antikythira,177,Lakonia,105050,Peloponnisos
2605,Drapetsona,106,Piraeus suburbs,105103,Attica
2606,Keratsini,106,Piraeus suburbs,105103,Attica
2607,Koridallos,106,Piraeus suburbs,105103,Attica
2608,Kythira,177,Lakonia,105050,Peloponnisos
2609,Methana,106001,Argosaronikos islands,105103,Attica
2610,Moschato,106,Piraeus suburbs,105103,Attica
2611,Nikaia,106,Piraeus suburbs,105103,Attica
2612,Perama,106,Piraeus suburbs,105103,Attica
2613,Poros,106001,Argosaronikos islands,105103,Attica
2614,Salamina,106001,Argosaronikos islands,105103,Attica
2615,Spetses,106001,Argosaronikos islands,105103,Attica
2616,Tavros,106,Piraeus suburbs,105103,Attica
2617,Trizina,106001,Argosaronikos islands,105103,Attica
2618,Hydra,106001,Argosaronikos islands,105103,Attica
2701,Agios Constantinos,107,Rest of Attica,105103,Attica
2703,Anavissos,107,Rest of Attica,105103,Attica
2704,Aspropirgos,107,Rest of Attica,105103,Attica
2705,Avlona,107,Rest of Attica,105103,Attica
2706,Afidnes,107,Rest of Attica,105103,Attica
2707,Varnavas,104,Athens - East,105103,Attica
2709,Vilia,107,Rest of Attica,105103,Attica
2711,Grammatiko,104,Athens - East,105103,Attica
2712,Elefsina,107,Rest of Attica,105103,Attica
2713,Erithres,107,Rest of Attica,105103,Attica
2715,Kalamos,107,Rest of Attica,105103,Attica
2716,Kalivia Thorikou,107,Rest of Attica,105103,Attica
2717,Com. Kapandriti,107,Rest of Attica,105103,Attica
2718,Souli,166,Thesprotia,105055,Ipiros
2719,Keratea,107,Rest of Attica,105103,Attica
2721,Kouvaras,107,Rest of Attica,105103,Attica
2723,Lavrio,107,Rest of Attica,105103,Attica
2724,Magoula,107,Rest of Attica,105103,Attica
2725,Com. Malakasa,107,Rest of Attica,105103,Attica
2726,Malesina,193,Phthiotis,105054,Sterea Ellada
2727,Mandra,107,Rest of Attica,105103,Attica
2728,Markopoulo Oropou,107,Rest of Attica,105103,Attica
2730,Megara,107,Rest of Attica,105103,Attica
2732,Nea Peramos (Megalo Pefko),107,Rest of Attica,105103,Attica
2734,Oinoi,107,Rest of Attica,105103,Attica
2735,Palaia Fokaia,107,Rest of Attica,105103,Attica
2736,Polydendri,107,Rest of Attica,105103,Attica
2739,Saronida,107,Rest of Attica,105103,Attica
2742,Sounio,107,Rest of Attica,105103,Attica
2743,Sikamino,107,Rest of Attica,105103,Attica
2745,Fili,107,Rest of Attica,105103,Attica
2747,Oropos,107,Rest of Attica,105103,Attica
2803,Ano Poli,108,Thessaloniki - Municipality,105101,Thessaloniki
2823,Charilaou,108,Thessaloniki - Municipality,105101,Thessaloniki
2900,Agios Pavlos,109,Thessaloniki - Suburbs,105101,Thessaloniki
2901,Ampelokipoi,109,Thessaloniki - Suburbs,105101,Thessaloniki
2902,Eleftherio-Kordelio,109,Thessaloniki - Suburbs,105101,Thessaloniki
2903,Efkarpia,109,Thessaloniki - Suburbs,105101,Thessaloniki
2904,Evosmos,109,Thessaloniki - Suburbs,105101,Thessaloniki
2905,Thermaikos,109,Thessaloniki - Suburbs,105101,Thessaloniki
2906,Thermi,109,Thessaloniki - Suburbs,105101,Thessaloniki
2907,Kalamaria,109,Thessaloniki - Suburbs,105101,Thessaloniki
2908,Menemeni,109,Thessaloniki - Suburbs,105101,Thessaloniki
2909,Neapoli,109,Thessaloniki - Suburbs,105101,Thessaloniki
2910,Panorama,109,Thessaloniki - Suburbs,105101,Thessaloniki
2911,Pefka,109,Thessaloniki - Suburbs,105101,Thessaloniki
2912,Polichni,109,Thessaloniki - Suburbs,105101,Thessaloniki
2913,Pylea,109,Thessaloniki - Suburbs,105101,Thessaloniki
2914,Stavroupoli,109,Thessaloniki - Suburbs,105101,Thessaloniki
2915,Sikies,109,Thessaloniki - Suburbs,105101,Thessaloniki
2917,Chortiatis,109,Thessaloniki - Suburbs,105101,Thessaloniki
2918,Oreokastro,109,Thessaloniki - Suburbs,105101,Thessaloniki
3000,Agios Athanasios,110,Thessaloniki - Rest of Prefecture,105101,Thessaloniki
3001,Agios Georgios,110,Thessaloniki - Rest of Prefecture,105101,Thessaloniki
3002,Axios,109,Thessaloniki - Suburbs,105101,Thessaloniki
3003,Apollonia,110,Thessaloniki - Rest of Prefecture,105101,Thessaloniki
3004,Arethousa,110,Thessaloniki - Rest of Prefecture,105101,Thessaloniki
3005,Assiros,110,Thessaloniki - Rest of Prefecture,105101,Thessaloniki
3006,Vasilika,109,Thessaloniki - Suburbs,105101,Thessaloniki
3007,Vertiskos,110,Thessaloniki - Rest of Prefecture,105101,Thessaloniki
3008,Egnatia,110,Thessaloniki - Rest of Prefecture,105101,Thessaloniki
3009,Epanomi,109,Thessaloniki - Suburbs,105101,Thessaloniki
3010,Echedoros,109,Thessaloniki - Suburbs,105101,Thessaloniki
3011,Kallithea,109,Thessaloniki - Suburbs,105101,Thessaloniki
3012,Kallindoia,110,Thessaloniki - Rest of Prefecture,105101,Thessaloniki
3013,Koroneia,110,Thessaloniki - Rest of Prefecture,105101,Thessaloniki
3014,Koufalia,110,Thessaloniki - Rest of Prefecture,105101,Thessaloniki
3015,Lagkadas,110,Thessaloniki - Rest of Prefecture,105101,Thessaloniki
3016,Lachanas,110,Thessaloniki - Rest of Prefecture,105101,Thessaloniki
3017,Maditos,110,Thessaloniki - Rest of Prefecture,105101,Thessaloniki
3018,Michaniona,109,Thessaloniki - Suburbs,105101,Thessaloniki
3019,Mikra,109,Thessaloniki - Suburbs,105101,Thessaloniki
3020,Migdonia,109,Thessaloniki - Suburbs,105101,Thessaloniki
3021,Rentina,110,Thessaloniki - Rest of Prefecture,105101,Thessaloniki
3022,Sochos,110,Thessaloniki - Rest of Prefecture,105101,Thessaloniki
3023,Chalastra,109,Thessaloniki - Suburbs,105101,Thessaloniki
3024,Chalkidona,110,Thessaloniki - Rest of Prefecture,105101,Thessaloniki
3200,Aggelokastro,150,Aetolia & Acarnania,105054,Sterea Ellada
3201,Agrinio,150,Aetolia & Acarnania,105054,Sterea Ellada
3202,Aitoliko,150,Aetolia & Acarnania,105054,Sterea Ellada
3203,Alizia,150,Aetolia & Acarnania,105054,Sterea Ellada
3204,Amfilochia,150,Aetolia & Acarnania,105054,Sterea Ellada
3205,Anaktorio,150,Aetolia & Acarnania,105054,Sterea Ellada
3206,Antirrio,150,Aetolia & Acarnania,105054,Sterea Ellada
3207,Apodotia,150,Aetolia & Acarnania,105054,Sterea Ellada
3208,Arakinthos,150,Aetolia & Acarnania,105054,Sterea Ellada
3209,Astakos,150,Aetolia & Acarnania,105054,Sterea Ellada
3210,Thermos,150,Aetolia & Acarnania,105054,Sterea Ellada
3211,Thesties,150,Aetolia & Acarnania,105054,Sterea Ellada
3212,Inachos,150,Aetolia & Acarnania,105054,Sterea Ellada
3213,Kekropia (Palairou),150,Aetolia & Acarnania,105054,Sterea Ellada
3214,Makrineia,150,Aetolia & Acarnania,105054,Sterea Ellada
3215,Medeonas,150,Aetolia & Acarnania,105054,Sterea Ellada
3216,Menidi,150,Aetolia & Acarnania,105054,Sterea Ellada
3217,Iera Poli Messologiou,150,Aetolia & Acarnania,105054,Sterea Ellada
3218,Navpaktos,150,Aetolia & Acarnania,105054,Sterea Ellada
3219,Neapoli,150,Aetolia & Acarnania,105054,Sterea Ellada
3220,Oiniades,150,Aetolia & Acarnania,105054,Sterea Ellada
3221,Panaitoliko,150,Aetolia & Acarnania,105054,Sterea Ellada
3222,Paravola,150,Aetolia & Acarnania,105054,Sterea Ellada
3223,Parakampilia,150,Aetolia & Acarnania,105054,Sterea Ellada
3224,Platanos,150,Aetolia & Acarnania,105054,Sterea Ellada
3225,Pillini,150,Aetolia & Acarnania,105054,Sterea Ellada
3226,Stratos,150,Aetolia & Acarnania,105054,Sterea Ellada
3227,Fiteies,150,Aetolia & Acarnania,105054,Sterea Ellada
3228,Chalkeia,150,Aetolia & Acarnania,105054,Sterea Ellada
3229,Alea,151,Argolis,105050,Peloponnisos
3230,Argos,151,Argolis,105050,Peloponnisos
3231,Asini,151,Argolis,105050,Peloponnisos
3232,Asklipieio,151,Argolis,105050,Peloponnisos
3233,Achladokampos,151,Argolis,105050,Peloponnisos
3234,Epidavros,151,Argolis,105050,Peloponnisos
3235,Ermioni,151,Argolis,105050,Peloponnisos
3236,Koutsopodi,151,Argolis,105050,Peloponnisos
3237,Kranidi,151,Argolis,105050,Peloponnisos
3238,Lerna,151,Argolis,105050,Peloponnisos
3239,Lirkeia,151,Argolis,105050,Peloponnisos
3240,Midea,151,Argolis,105050,Peloponnisos
3241,Mycenae,151,Argolis,105050,Peloponnisos
3242,Nafplio,151,Argolis,105050,Peloponnisos
3243,Nea Kios,151,Argolis,105050,Peloponnisos
3244,Nea Tirintha,151,Argolis,105050,Peloponnisos
3245,Apollonas,152,Arcadia,105050,Peloponnisos
3246,Valtetsi,152,Arcadia,105050,Peloponnisos
3247,North Kinouria,152,Arcadia,105050,Peloponnisos
3248,Vitina,152,Arcadia,105050,Peloponnisos
3249,Gortinia,152,Arcadia,105050,Peloponnisos
3250,Dimitsana,152,Arcadia,105050,Peloponnisos
3251,Iraia,152,Arcadia,105050,Peloponnisos
3252,Kleitoria,152,Arcadia,105050,Peloponnisos
3253,Kontovazaina,152,Arcadia,105050,Peloponnisos
3254,Korithio,152,Arcadia,105050,Peloponnisos
3255,Kosmas,152,Arcadia,105050,Peloponnisos
3256,Lagkadia,152,Arcadia,105050,Peloponnisos
3257,Levidi,152,Arcadia,105050,Peloponnisos
3258,Leonidio,152,Arcadia,105050,Peloponnisos
3259,Mantineia,152,Arcadia,105050,Peloponnisos
3260,Megalopoli,152,Arcadia,105050,Peloponnisos
3261,Skiritida,152,Arcadia,105050,Peloponnisos
3262,Tegea,152,Arcadia,105050,Peloponnisos
3263,Trikolonio,152,Arcadia,105050,Peloponnisos
3264,Tripoli,152,Arcadia,105050,Peloponnisos
3265,Tropaia,152,Arcadia,105050,Peloponnisos
3266,Falaisia,152,Arcadia,105050,Peloponnisos
3267,Falanthos,152,Arcadia,105050,Peloponnisos
3268,Agnanta,153,Arta Prefecture,105055,Ipiros
3269,Athamanio,153,Arta Prefecture,105055,Ipiros
3270,Amvrakia,153,Arta Prefecture,105055,Ipiros
3271,Arachthos,153,Arta Prefecture,105055,Ipiros
3272,Arta,153,Arta Prefecture,105055,Ipiros
3273,Vlacherna,153,Arta Prefecture,105055,Ipiros
3274,Georgios Karaiskakis,153,Arta Prefecture,105055,Ipiros
3275,Iraklias,153,Arta Prefecture,105055,Ipiros
3276,Theodoriana,153,Arta Prefecture,105055,Ipiros
3277,Kommeno,153,Arta Prefecture,105055,Ipiros
3278,Kompotio,153,Arta Prefecture,105055,Ipiros
3279,Melissourgoi,153,Arta Prefecture,105055,Ipiros
3280,Xirovouni,153,Arta Prefecture,105055,Ipiros
3281,Peta,153,Arta Prefecture,105055,Ipiros
3282,Tetrafilia,153,Arta Prefecture,105055,Ipiros
3283,Filothei,153,Arta Prefecture,105055,Ipiros
3284,Aigeira,154,Achaia,105050,Peloponnisos
3285,Aigio,154,Achaia,105050,Peloponnisos
3286,Akrata,154,Achaia,105050,Peloponnisos
3287,Aroania,154,Achaia,105050,Peloponnisos
3288,Vrachneika,154,Achaia,105050,Peloponnisos
3289,Diakopto,154,Achaia,105050,Peloponnisos
3290,Dytikis Achaias,154,Achaia,105050,Peloponnisos
3291,Erineo,154,Achaia,105050,Peloponnisos
3292,Kalavrita,154,Achaia,105050,Peloponnisos
3293,Kalentzi,154,Achaia,105050,Peloponnisos
3294,Larissos,154,Achaia,105050,Peloponnisos
3295,Leontio,154,Achaia,105050,Peloponnisos
3296,Lefkasio,154,Achaia,105050,Peloponnisos
3297,Messatida,154,Achaia,105050,Peloponnisos
3298,Movri,154,Achaia,105050,Peloponnisos
3299,Paos,154,Achaia,105050,Peloponnisos
3300,Paralia,154,Achaia,105050,Peloponnisos
3301,Patra,154,Achaia,105050,Peloponnisos
3302,Rio,154,Achaia,105050,Peloponnisos
3303,Egialia,154,Achaia,105050,Peloponnisos
3304,Tritaia,154,Achaia,105050,Peloponnisos
3305,Fares,154,Achaia,105050,Peloponnisos
3306,Olenia,154,Achaia,105050,Peloponnisos
3307,Akraifnia,155,Boeotia,105054,Sterea Ellada
3308,Aliartos,155,Boeotia,105054,Sterea Ellada
3309,Antikira,155,Boeotia,105054,Sterea Ellada
3310,Arachova,155,Boeotia,105054,Sterea Ellada
3311,Vagies,155,Boeotia,105054,Sterea Ellada
3312,Davleia,155,Boeotia,105054,Sterea Ellada
3313,Dervenochoria,155,Boeotia,105054,Sterea Ellada
3314,Distomo,155,Boeotia,105054,Sterea Ellada
3315,Thespies,155,Boeotia,105054,Sterea Ellada
3316,Thiva,155,Boeotia,105054,Sterea Ellada
3317,Thisvi,155,Boeotia,105054,Sterea Ellada
3318,Koronias,155,Boeotia,105054,Sterea Ellada
3319,Kiriaki,155,Boeotia,105054,Sterea Ellada
3320,Livadeia,155,Boeotia,105054,Sterea Ellada
3321,Inofita,155,Boeotia,105054,Sterea Ellada
3322,Orchomenos,155,Boeotia,105054,Sterea Ellada
3323,Plateon,155,Boeotia,105054,Sterea Ellada
3324,Schimatari,155,Boeotia,105054,Sterea Ellada
3325,Tanagra,155,Boeotia,105054,Sterea Ellada
3326,Chaironeia,155,Boeotia,105054,Sterea Ellada
3327,Avdella,156,Grevena,105057,Macedonia
3328,Ventzi,156,Grevena,105057,Macedonia
3329,Gorgiani,156,Grevena,105057,Macedonia
3330,Grevena,156,Grevena,105057,Macedonia
3331,Deskati,156,Grevena,105057,Macedonia
3332,Dotsiko,156,Grevena,105057,Macedonia
3333,Irakleotes,156,Grevena,105057,Macedonia
3334,Theodoros Ziakas,156,Grevena,105057,Macedonia
3335,Kosmas Aitolos,156,Grevena,105057,Macedonia
3336,Mesolouri,156,Grevena,105057,Macedonia
3337,Perivoli,156,Grevena,105057,Macedonia
3338,Samarina,156,Grevena,105057,Macedonia
3339,Smixi,156,Grevena,105057,Macedonia
3340,Filippaioi,156,Grevena,105057,Macedonia
3341,Chasies,156,Grevena,105057,Macedonia
3342,Doxato,157,Drama Prefecture,105057,Macedonia
3343,Drama,157,Drama Prefecture,105057,Macedonia
3344,Kalampaki,157,Drama Prefecture,105057,Macedonia
3345,Kato Nevrokopi,157,Drama Prefecture,105057,Macedonia
3346,Nikiforos,157,Drama Prefecture,105057,Macedonia
3347,Paranesti,157,Drama Prefecture,105057,Macedonia
3348,Prosotsani,157,Drama Prefecture,105057,Macedonia
3349,Sidironero,157,Drama Prefecture,105057,Macedonia
3350,Sitagroi,157,Drama Prefecture,105057,Macedonia
3351,Agathonisi,158,Dodecanese,105052,Aegean Islands
3353,Astypalea,158,Dodecanese,105052,Aegean Islands
3360,Kalimnos,158,Dodecanese,105052,Aegean Islands
3363,Kasos,158,Dodecanese,105052,Aegean Islands
3365,Leipsoi,158,Dodecanese,105052,Aegean Islands
3366,Leros,158,Dodecanese,105052,Aegean Islands
3368,Megisti,158,Dodecanese,105052,Aegean Islands
3369,Nisiros,158,Dodecanese,105052,Aegean Islands
3372,Patmos,158,Dodecanese,105052,Aegean Islands
3375,Simi,158,Dodecanese,105052,Aegean Islands
3376,Tilos,158,Dodecanese,105052,Aegean Islands
3377,Chalki,158,Dodecanese,105052,Aegean Islands
3378,Alexandroupoli,159,Evros,105058,Thraki
3379,Vissa,159,Evros,105058,Thraki
3380,Didimoticho,159,Evros,105058,Thraki
3381,Kiprinos,159,Evros,105058,Thraki
3382,Metaxades,159,Evros,105058,Thraki
3383,Orestiada,159,Evros,105058,Thraki
3384,Orfeas,159,Evros,105058,Thraki
3385,Samothraki,159,Evros,105058,Thraki
3386,Soufli,159,Evros,105058,Thraki
3387,Traianoupoli,159,Evros,105058,Thraki
3388,Trigono,159,Evros,105058,Thraki
3389,Tichero,159,Evros,105058,Thraki
3390,Feres,159,Evros,105058,Thraki
3391,Aidipsos,160,Evia,105054,Sterea Ellada
3392,Amarinthos,160,Evia,105054,Sterea Ellada
3393,Anthidonos,160,Evia,105054,Sterea Ellada
3394,Artemisio,160,Evia,105054,Sterea Ellada
3395,Avlida,160,Evia,105054,Sterea Ellada
3396,Avlona,160,Evia,105054,Sterea Ellada
3397,Dirfis,160,Evia,105054,Sterea Ellada
3398,Distos,160,Evia,105054,Sterea Ellada
3399,Limni,160,Evia,105054,Sterea Ellada
3400,Eretria,160,Evia,105054,Sterea Ellada
3401,Istiaia,160,Evia,105054,Sterea Ellada
3402,Karistos,160,Evia,105054,Sterea Ellada
3403,Kafira,160,Evia,105054,Sterea Ellada
3404,Kirea,160,Evia,105054,Sterea Ellada
3405,Konistres,160,Evia,105054,Sterea Ellada
3406,Kimi,160,Evia,105054,Sterea Ellada
3407,Lilantio,160,Evia,105054,Sterea Ellada
3408,Lichada,160,Evia,105054,Sterea Ellada
3409,Marmari,160,Evia,105054,Sterea Ellada
3410,Messapia,160,Evia,105054,Sterea Ellada
3411,Nea Artaki,160,Evia,105054,Sterea Ellada
3412,Nilea,160,Evia,105054,Sterea Ellada
3413,Skiros,125000,Sporades,105052,Aegean Islands
3414,Stira,160,Evia,105054,Sterea Ellada
3415,Tamines,160,Evia,105054,Sterea Ellada
3416,Chalkida,160,Evia,105054,Sterea Ellada
3417,Oreoi,160,Evia,105054,Sterea Ellada
3418,Agrafa,161,Evrytania,105054,Sterea Ellada
3419,Aperantio,161,Evrytania,105054,Sterea Ellada
3420,Aspropotamos,161,Evrytania,105054,Sterea Ellada
3421,Viniani,161,Evrytania,105054,Sterea Ellada
3422,Domnista,161,Evrytania,105054,Sterea Ellada
3423,Karpenisi,161,Evrytania,105054,Sterea Ellada
3424,Ktimeni,161,Evrytania,105054,Sterea Ellada
3425,Potamias,161,Evrytania,105054,Sterea Ellada
3426,Prousos,161,Evrytania,105054,Sterea Ellada
3427,Fourna,161,Evrytania,105054,Sterea Ellada
3428,Fragkista,161,Evrytania,105054,Sterea Ellada
3429,Alikes,162,Zante,105053,Ionian Islands
3430,Arkadi,162,Zante,105053,Ionian Islands
3431,Artemisio,162,Zante,105053,Ionian Islands
3432,Elatio,162,Zante,105053,Ionian Islands
3433,Laganas,162,Zante,105053,Ionian Islands
3434,Main town area,162,Zante,105053,Ionian Islands
3435,Alifeira,163,Ilia,105050,Peloponnisos
3436,Amaliada,163,Ilia,105050,Peloponnisos
3437,Andravida,163,Ilia,105050,Peloponnisos
3438,Andritsaina,163,Ilia,105050,Peloponnisos
3439,Archaia Olimpia,163,Ilia,105050,Peloponnisos
3440,Vartholomio,163,Ilia,105050,Peloponnisos
3441,Vouprasia,163,Ilia,105050,Peloponnisos
3442,Volakas,163,Ilia,105050,Peloponnisos
3443,Gastouni,163,Ilia,105050,Peloponnisos
3444,Zacharo,163,Ilia,105050,Peloponnisos
3445,Iardanos,163,Ilia,105050,Peloponnisos
3446,Kastro Killinis,163,Ilia,105050,Peloponnisos
3447,Lampeia,163,Ilia,105050,Peloponnisos
3448,Lasiona,163,Ilia,105050,Peloponnisos
3449,Lechaina,163,Ilia,105050,Peloponnisos
3450,Pineia,163,Ilia,105050,Peloponnisos
3451,Pirgos,163,Ilia,105050,Peloponnisos
3452,Skilounta,163,Ilia,105050,Peloponnisos
3453,Tragano,163,Ilia,105050,Peloponnisos
3454,Figaleia,163,Ilia,105050,Peloponnisos
3455,Foloi,163,Ilia,105050,Peloponnisos
3456,Oleni,163,Ilia,105050,Peloponnisos
3457,Alexandreia,164,Imathia,105057,Macedonia
3458,Anthemia,164,Imathia,105057,Macedonia
3459,Antigonides,164,Imathia,105057,Macedonia
3460,Apostolos Pavlos,164,Imathia,105057,Macedonia
3461,Vergina,164,Imathia,105057,Macedonia
3462,Veroia,164,Imathia,105057,Macedonia
3463,Dovra,164,Imathia,105057,Macedonia
3464,Eirinoupoli,164,Imathia,105057,Macedonia
3465,Makedonida,164,Imathia,105057,Macedonia
3466,Meliki,164,Imathia,105057,Macedonia
3467,Naousa,164,Imathia,105057,Macedonia
3468,Plati,164,Imathia,105057,Macedonia
3469,Agia Varvara,165,Heraklion Prefecture,105051,Crete
3470,Arkalochori,165,Heraklion Prefecture,105051,Crete
3471,Archanes,165,Heraklion Prefecture,105051,Crete
3472,Asterousia,165,Heraklion Prefecture,105051,Crete
3473,Viannos,165,Heraklion Prefecture,105051,Crete
3474,Gazi,165,Heraklion Prefecture,105051,Crete
3475,Gorgolaini,165,Heraklion Prefecture,105051,Crete
3476,Gortina,165,Heraklion Prefecture,105051,Crete
3477,Gouves,165,Heraklion Prefecture,105051,Crete
3478,Episkopi,165,Heraklion Prefecture,105051,Crete
3479,Zaros,165,Heraklion Prefecture,105051,Crete
3480,Thrapsano,165,Heraklion Prefecture,105051,Crete
3481,Kastelli,165,Heraklion Prefecture,105051,Crete
3482,Kofinas,165,Heraklion Prefecture,105051,Crete
3483,Krousonas,165,Heraklion Prefecture,105051,Crete
3484,Mallia,165,Heraklion Prefecture,105051,Crete
3485,Moires,165,Heraklion Prefecture,105051,Crete
3486,Nea Alikarnassos,165,Heraklion Prefecture,105051,Crete
3487,Nikos Kazantzakis,165,Heraklion Prefecture,105051,Crete
3489,Heraclion Cretes,165,Heraklion Prefecture,105051,Crete
3490,Rouvas,165,Heraklion Prefecture,105051,Crete
3491,Temenos,165,Heraklion Prefecture,105051,Crete
3492,Tilisos,165,Heraklion Prefecture,105051,Crete
3493,Timpaki,165,Heraklion Prefecture,105051,Crete
3494,Chersonisos,165,Heraklion Prefecture,105051,Crete
3495,Acherontas,166,Thesprotia,105055,Ipiros
3496,Igoumenitsa,166,Thesprotia,105055,Ipiros
3497,Margariti,166,Thesprotia,105055,Ipiros
3498,Paramithia,166,Thesprotia,105055,Ipiros
3499,Parapotamos,166,Thesprotia,105055,Ipiros
3500,Perdika,166,Thesprotia,105055,Ipiros
3501,Sagiada,166,Thesprotia,105055,Ipiros
3503,Sivota,166,Thesprotia,105055,Ipiros
3504,Filiates,166,Thesprotia,105055,Ipiros
3505,Agios Dimitrios,167,Ioannina Prefecture,105055,Ipiros
3506,Aetomilitsa,167,Ioannina Prefecture,105055,Ipiros
3507,Anatoli,167,Ioannina Prefecture,105055,Ipiros
3508,East Zagori,167,Ioannina Prefecture,105055,Ipiros
3509,Ano Kalamas,167,Ioannina Prefecture,105055,Ipiros
3510,Ano Pagoni,167,Ioannina Prefecture,105055,Ipiros
3511,Vathipedo,167,Ioannina Prefecture,105055,Ipiros
3512,Vovousa,167,Ioannina Prefecture,105055,Ipiros
3513,Delvinaki,167,Ioannina Prefecture,105055,Ipiros
3514,Derviziana,167,Ioannina Prefecture,105055,Ipiros
3515,Distrato,167,Ioannina Prefecture,105055,Ipiros
3516,Dodoni,167,Ioannina Prefecture,105055,Ipiros
3517,Egnatias,167,Ioannina Prefecture,105055,Ipiros
3518,Ekali,167,Ioannina Prefecture,105055,Ipiros
3519,Evrimenoi,167,Ioannina Prefecture,105055,Ipiros
3520,Zitsa,167,Ioannina Prefecture,105055,Ipiros
3521,Ioannina,167,Ioannina Prefecture,105055,Ipiros
3522,Kalarites,167,Ioannina Prefecture,105055,Ipiros
3523,Kalpakio,167,Ioannina Prefecture,105055,Ipiros
3524,Katsanochoria,167,Ioannina Prefecture,105055,Ipiros
3525,Kentriko Zagori,167,Ioannina Prefecture,105055,Ipiros
3526,Konitsa,167,Ioannina Prefecture,105055,Ipiros
3527,Lavdani,167,Ioannina Prefecture,105055,Ipiros
3528,Mastrochoria,167,Ioannina Prefecture,105055,Ipiros
3529,Matsouki,167,Ioannina Prefecture,105055,Ipiros
3530,Metsovo,167,Ioannina Prefecture,105055,Ipiros
3531,Milea,167,Ioannina Prefecture,105055,Ipiros
3532,Molossoi,167,Ioannina Prefecture,105055,Ipiros
3533,Mpizanio,167,Ioannina Prefecture,105055,Ipiros
3534,Nisos ioanninnon,167,Ioannina Prefecture,105055,Ipiros
3535,Pamvotida,167,Ioannina Prefecture,105055,Ipiros
3536,Papigko,167,Ioannina Prefecture,105055,Ipiros
3537,Passarona,167,Ioannina Prefecture,105055,Ipiros
3538,Perama,167,Ioannina Prefecture,105055,Ipiros
3539,Pramanta,167,Ioannina Prefecture,105055,Ipiros
3540,Pogoniani,167,Ioannina Prefecture,105055,Ipiros
3541,Selloi,167,Ioannina Prefecture,105055,Ipiros
3542,Sirrako,167,Ioannina Prefecture,105055,Ipiros
3543,Tzoumerka,167,Ioannina Prefecture,105055,Ipiros
3544,Timfi,167,Ioannina Prefecture,105055,Ipiros
3545,Fourka,167,Ioannina Prefecture,105055,Ipiros
3546,Eleftheroupoli,168,Kavala Prefecture,105057,Macedonia
3547,Eleitheres,168,Kavala Prefecture,105057,Macedonia
3548,Thasos,168,Kavala Prefecture,105057,Macedonia
3549,Kavala,168,Kavala Prefecture,105057,Macedonia
3550,Keramoti,168,Kavala Prefecture,105057,Macedonia
3551,Oreino,168,Kavala Prefecture,105057,Macedonia
3552,Orfano,168,Kavala Prefecture,105057,Macedonia
3553,Paggaio,168,Kavala Prefecture,105057,Macedonia
3554,Pierea,168,Kavala Prefecture,105057,Macedonia
3555,Filippoi,168,Kavala Prefecture,105057,Macedonia
3556,Chrisoupoli,168,Kavala Prefecture,105057,Macedonia
3557,Athamanon,169,Karditsa Prefecture,105056,Thessalia
3558,Argithea,169,Karditsa Prefecture,105056,Thessalia
3559,Arni,169,Karditsa Prefecture,105056,Thessalia
3560,Acheloos,169,Karditsa Prefecture,105056,Thessalia
3561,Ithomi,169,Karditsa Prefecture,105056,Thessalia
3562,Itamos,169,Karditsa Prefecture,105056,Thessalia
3563,Kallifono,169,Karditsa Prefecture,105056,Thessalia
3564,Kampos,169,Karditsa Prefecture,105056,Thessalia
3565,Karditsa,169,Karditsa Prefecture,105056,Thessalia
3566,Menelaida,169,Karditsa Prefecture,105056,Thessalia
3567,Mitropoli,169,Karditsa Prefecture,105056,Thessalia
3568,Mouzaki,169,Karditsa Prefecture,105056,Thessalia
3569,Nevropoli Agrafon,169,Karditsa Prefecture,105056,Thessalia
3570,Palamas,169,Karditsa Prefecture,105056,Thessalia
3571,Pamisos,169,Karditsa Prefecture,105056,Thessalia
3572,Plastiras,169,Karditsa Prefecture,105056,Thessalia
3573,Rentina,169,Karditsa Prefecture,105056,Thessalia
3574,Sellana,169,Karditsa Prefecture,105056,Thessalia
3575,Sofades,169,Karditsa Prefecture,105056,Thessalia
3576,Tamasi,169,Karditsa Prefecture,105056,Thessalia
3577,Fillo,169,Karditsa Prefecture,105056,Thessalia
3578,Agia Triada,170,Kastoria Prefecture,105057,Macedonia
3579,Agioi Anargiroi,170,Kastoria Prefecture,105057,Macedonia
3580,Akrites,170,Kastoria Prefecture,105057,Macedonia
3581,Aliakmonas,170,Kastoria Prefecture,105057,Macedonia
3582,Arrenes,170,Kastoria Prefecture,105057,Macedonia
3583,Vitsi,170,Kastoria Prefecture,105057,Macedonia
3584,Grammos,170,Kastoria Prefecture,105057,Macedonia
3585,Ion Dragoumis,170,Kastoria Prefecture,105057,Macedonia
3586,Kastoria,170,Kastoria Prefecture,105057,Macedonia
3587,Kastraki,170,Kastoria Prefecture,105057,Macedonia
3588,Kleisoura,170,Kastoria Prefecture,105057,Macedonia
3589,Koresteia,170,Kastoria Prefecture,105057,Macedonia
3590,Makedna,170,Kastoria Prefecture,105057,Macedonia
3591,Nestorio,170,Kastoria Prefecture,105057,Macedonia
3592,Orestida,170,Kastoria Prefecture,105057,Macedonia
3606,Paxoi,171,Corfu Prefecture,105053,Ionian Islands
3612,Ithaki,172,Kefallinia Prefecture,105053,Ionian Islands
3618,Axioupoli,173,Kilkis Prefecture,105057,Macedonia
3619,Gallikos,173,Kilkis Prefecture,105057,Macedonia
3620,Goumenissa,173,Kilkis Prefecture,105057,Macedonia
3621,Doirani,173,Kilkis Prefecture,105057,Macedonia
3622,Evropos,173,Kilkis Prefecture,105057,Macedonia
3623,Kilkis,173,Kilkis Prefecture,105057,Macedonia
3624,Kroussoi,173,Kilkis Prefecture,105057,Macedonia
3625,Livadia,173,Kilkis Prefecture,105057,Macedonia
3626,Mouries,173,Kilkis Prefecture,105057,Macedonia
3627,Pikrolimni,173,Kilkis Prefecture,105057,Macedonia
3628,Polikastro,173,Kilkis Prefecture,105057,Macedonia
3629,Cherso,173,Kilkis Prefecture,105057,Macedonia
3630,Agia Paraskevi,174,Kozani Prefecture,105057,Macedonia
3631,Aiani,174,Kozani Prefecture,105057,Macedonia
3632,Askio,174,Kozani Prefecture,105057,Macedonia
3633,Velventos,174,Kozani Prefecture,105057,Macedonia
3634,Vermio,174,Kozani Prefecture,105057,Macedonia
3635,Vlasti,174,Kozani Prefecture,105057,Macedonia
3636,Dimitrios Ipsilantis,174,Kozani Prefecture,105057,Macedonia
3637,Elimeia,174,Kozani Prefecture,105057,Macedonia
3638,Ellispontos,174,Kozani Prefecture,105057,Macedonia
3639,Kamvounia,174,Kozani Prefecture,105057,Macedonia
3640,Kozani,174,Kozani Prefecture,105057,Macedonia
3641,Livadero,174,Kozani Prefecture,105057,Macedonia
3642,Mourikio,174,Kozani Prefecture,105057,Macedonia
3643,Neapolis,174,Kozani Prefecture,105057,Macedonia
3644,Pentalofo,174,Kozani Prefecture,105057,Macedonia
3645,Ptolemaida,174,Kozani Prefecture,105057,Macedonia
3646,Servia,174,Kozani Prefecture,105057,Macedonia
3647,Siatista,174,Kozani Prefecture,105057,Macedonia
3648,Tsotili,174,Kozani Prefecture,105057,Macedonia
3649,Agioi Theodoroi,175,Corinthia,105050,Peloponnisos
3650,Assos-Lechaio,175,Corinthia,105050,Peloponnisos
3651,Velo,175,Corinthia,105050,Peloponnisos
3652,Vocha,175,Corinthia,105050,Peloponnisos
3653,Evrostini,175,Corinthia,105050,Peloponnisos
3654,Korinthos,175,Corinthia,105050,Peloponnisos
3655,Loutraki-Perachora,175,Corinthia,105050,Peloponnisos
3656,Nemea,175,Corinthia,105050,Peloponnisos
3657,Xilokastro,175,Corinthia,105050,Peloponnisos
3658,Saronikos,175,Corinthia,105050,Peloponnisos
3659,Sikiona,175,Corinthia,105050,Peloponnisos
3660,Soligeia,175,Corinthia,105050,Peloponnisos
3661,Stimfalia,175,Corinthia,105050,Peloponnisos
3662,Tenea,175,Corinthia,105050,Peloponnisos
3663,Feneos,175,Corinthia,105050,Peloponnisos
3664,Amorgos,176,Cyclades,105052,Aegean Islands
3665,Anafi,176,Cyclades,105052,Aegean Islands
3667,Antiparos,176,Cyclades,105052,Aegean Islands
3669,Donousa,176,Cyclades,105052,Aegean Islands
3670,Naxos - Drimalia,176,Cyclades,105052,Aegean Islands
3673,Iraklias,176,Cyclades,105052,Aegean Islands
3674,Ios,176,Cyclades,105052,Aegean Islands
3675,Kea,176,Cyclades,105052,Aegean Islands
3676,Kimolos,176,Cyclades,105052,Aegean Islands
3678,Koufonisia,176,Cyclades,105052,Aegean Islands
3679,Kythnos,176,Cyclades,105052,Aegean Islands
3680,Milos,176,Cyclades,105052,Aegean Islands
3681,Mykonos,176,Cyclades,105052,Aegean Islands
3682,Naxos,176,Cyclades,105052,Aegean Islands
3685,Paros,176,Cyclades,105052,Aegean Islands
3688,Serifos,176,Cyclades,105052,Aegean Islands
3689,Sikinos,176,Cyclades,105052,Aegean Islands
3690,Sifnos,176,Cyclades,105052,Aegean Islands
3691,Schoinousa,176,Cyclades,105052,Aegean Islands
3694,Folegandros,176,Cyclades,105052,Aegean Islands
3695,East Mani,177,Lakonia,105050,Peloponnisos
3696,Asopos,177,Lakonia,105050,Peloponnisos
3697,Voion,177,Lakonia,105050,Peloponnisos
3698,Geronthres,177,Lakonia,105050,Peloponnisos
3699,Githeio,177,Lakonia,105050,Peloponnisos
3700,Elafonisos,177,Lakonia,105050,Peloponnisos
3701,Elos,177,Lakonia,105050,Peloponnisos
3702,Zarakas,177,Lakonia,105050,Peloponnisos
3703,Therapni,177,Lakonia,105050,Peloponnisos
3704,Karies,177,Lakonia,105050,Peloponnisos
3705,Krokees,177,Lakonia,105050,Peloponnisos
3706,Molaoi,177,Lakonia,105050,Peloponnisos
3707,Monemvasia,177,Lakonia,105050,Peloponnisos
3708,Mistras,177,Lakonia,105050,Peloponnisos
3709,Niata,177,Lakonia,105050,Peloponnisos
3710,Oinountas,177,Lakonia,105050,Peloponnisos
3711,Oitilos,177,Lakonia,105050,Peloponnisos
3712,Pellana,177,Lakonia,105050,Peloponnisos
3713,Skala,177,Lakonia,105050,Peloponnisos
3714,Sminos,177,Lakonia,105050,Peloponnisos
3715,Sparti,177,Lakonia,105050,Peloponnisos
3716,Farida,177,Lakonia,105050,Peloponnisos
3717,Agia,178,Larissa Prefecture,105056,Thessalia
3718,Ampelakia,178,Larissa Prefecture,105056,Thessalia
3719,Ampelonas,178,Larissa Prefecture,105056,Thessalia
3720,Antichasia,178,Larissa Prefecture,105056,Thessalia
3721,Armenio,178,Larissa Prefecture,105056,Thessalia
3722,Verdikoussa,178,Larissa Prefecture,105056,Thessalia
3723,Giannouli,178,Larissa Prefecture,105056,Thessalia
3724,Gonnoi,178,Larissa Prefecture,105056,Thessalia
3725,Elassona,178,Larissa Prefecture,105056,Thessalia
3726,Enippeas,178,Larissa Prefecture,105056,Thessalia
3727,Evrimeno,178,Larissa Prefecture,105056,Thessalia
3728,Karia,178,Larissa Prefecture,105056,Thessalia
3729,Kato Olimpos,178,Larissa Prefecture,105056,Thessalia
3730,Kileler,178,Larissa Prefecture,105056,Thessalia
3731,Koilada,178,Larissa Prefecture,105056,Thessalia
3732,Krannonas,178,Larissa Prefecture,105056,Thessalia
3733,Lakereia,178,Larissa Prefecture,105056,Thessalia
3734,Larisa,178,Larissa Prefecture,105056,Thessalia
3735,Livadi,178,Larissa Prefecture,105056,Thessalia
3736,Makrichori,178,Larissa Prefecture,105056,Thessalia
3737,Melivoia,178,Larissa Prefecture,105056,Thessalia
3738,Narthaki,178,Larissa Prefecture,105056,Thessalia
3739,Nessonas,178,Larissa Prefecture,105056,Thessalia
3740,Nikaia,178,Larissa Prefecture,105056,Thessalia
3741,Olimpos,178,Larissa Prefecture,105056,Thessalia
3742,Platikampos,178,Larissa Prefecture,105056,Thessalia
3743,Polidamantas,178,Larissa Prefecture,105056,Thessalia
3745,Sarantaporo,178,Larissa Prefecture,105056,Thessalia
3746,Tirnavos,178,Larissa Prefecture,105056,Thessalia
3747,Farsala,178,Larissa Prefecture,105056,Thessalia
3748,Agios Nikolaos,179,Lasithi Prefecture,105051,Crete
3749,Ierapetra,179,Lasithi Prefecture,105051,Crete
3750,Itanos,179,Lasithi Prefecture,105051,Crete
3751,Lefki,179,Lasithi Prefecture,105051,Crete
3752,Makris Gialos,179,Lasithi Prefecture,105051,Crete
3753,Neapoli,179,Lasithi Prefecture,105051,Crete
3754,Oropedio Lasithiou,179,Lasithi Prefecture,105051,Crete
3755,Siteia,179,Lasithi Prefecture,105051,Crete
3756,Lesvos - Agia Paraskevi,180,Lesvos Prefecture,105052,Aegean Islands
3757,Lesvos - Agiasos,180,Lesvos Prefecture,105052,Aegean Islands
3758,Agios Efstratios,180,Lesvos Prefecture,105052,Aegean Islands
3759,Limnos - Atsiki,180,Lesvos Prefecture,105052,Aegean Islands
3760,Lesvos - Geras,180,Lesvos Prefecture,105052,Aegean Islands
3761,Lesvos - Eresos / Antissa,180,Lesvos Prefecture,105052,Aegean Islands
3762,Lesvos - Evergetoula,180,Lesvos Prefecture,105052,Aegean Islands
3763,Lesvos - Kalloni,180,Lesvos Prefecture,105052,Aegean Islands
3764,Lesvos - Loutropoli Thermis,180,Lesvos Prefecture,105052,Aegean Islands
3765,Lesvos - Mantamados,180,Lesvos Prefecture,105052,Aegean Islands
3766,Lesvos - Mithimna,180,Lesvos Prefecture,105052,Aegean Islands
3767,Limnos - Moudros,180,Lesvos Prefecture,105052,Aegean Islands
3768,Limnos - Mirina,180,Lesvos Prefecture,105052,Aegean Islands
3769,Lesvos - Mitilini,180,Lesvos Prefecture,105052,Aegean Islands
3770,Limnos - Nea Koutali,180,Lesvos Prefecture,105052,Aegean Islands
3771,Lesvos - Petra,180,Lesvos Prefecture,105052,Aegean Islands
3772,Lesvos - Plomari,180,Lesvos Prefecture,105052,Aegean Islands
3773,Lesvos - Polichnitos,180,Lesvos Prefecture,105052,Aegean Islands
3776,Kalamos,181,Lefkada Prefecture,105053,Ionian Islands
3778,Kastos,181,Lefkada Prefecture,105053,Ionian Islands
3780,Meganisi,181,Lefkada Prefecture,105053,Ionian Islands
3782,Agria,182,Magnesia,105056,Thessalia
3783,Aisonia,182,Magnesia,105056,Thessalia
3784,Almiros,182,Magnesia,105056,Thessalia
3785,Alonnisos,125000,Sporades,105052,Aegean Islands
3786,Anavra,182,Magnesia,105056,Thessalia
3787,Argalasti,182,Magnesia,105056,Thessalia
3788,Artemida,182,Magnesia,105056,Thessalia
3789,Afetes,182,Magnesia,105056,Thessalia
3790,Volos,182,Magnesia,105056,Thessalia
3791,Zagora,182,Magnesia,105056,Thessalia
3792,Iolkos,182,Magnesia,105056,Thessalia
3793,Karla,182,Magnesia,105056,Thessalia
3794,Keramidi,182,Magnesia,105056,Thessalia
3795,Makrinitsa,182,Magnesia,105056,Thessalia
3796,Milies,182,Magnesia,105056,Thessalia
3797,Mouresi,182,Magnesia,105056,Thessalia
3798,Nea Agchialos,182,Magnesia,105056,Thessalia
3799,Nea Ionia Volou,182,Magnesia,105056,Thessalia
3800,Portaria,182,Magnesia,105056,Thessalia
3801,Pteleos,182,Magnesia,105056,Thessalia
3802,Sipiada,182,Magnesia,105056,Thessalia
3803,Skiathos,125000,Sporades,105052,Aegean Islands
3804,Skopelos,125000,Sporades,105052,Aegean Islands
3805,Sourpi,182,Magnesia,105056,Thessalia
3806,Trikeri,182,Magnesia,105056,Thessalia
3807,Feron,182,Magnesia,105056,Thessalia
3808,Avia,183,Messinia,105050,Peloponnisos
3809,Aetou,183,Messinia,105050,Peloponnisos
3810,Epia,183,Messinia,105050,Peloponnisos
3811,Andania,183,Messinia,105050,Peloponnisos
3812,Androusa,183,Messinia,105050,Peloponnisos
3813,Ario,183,Messinia,105050,Peloponnisos
3814,Aristomenis,183,Messinia,105050,Peloponnisos
3815,Arfara,183,Messinia,105050,Peloponnisos
3816,Avlona,183,Messinia,105050,Peloponnisos
3817,Voufrada,183,Messinia,105050,Peloponnisos
3818,Gargalianoi,183,Messinia,105050,Peloponnisos
3819,Dorio,183,Messinia,105050,Peloponnisos
3820,Eira,183,Messinia,105050,Peloponnisos
3821,Thouria,183,Messinia,105050,Peloponnisos
3822,Ithomi,183,Messinia,105050,Peloponnisos
3823,Kalamata,183,Messinia,105050,Peloponnisos
3824,Koroni,183,Messinia,105050,Peloponnisos
3825,Kiparissia,183,Messinia,105050,Peloponnisos
3826,Lefktros,183,Messinia,105050,Peloponnisos
3827,Methoni,183,Messinia,105050,Peloponnisos
3828,Meligala,183,Messinia,105050,Peloponnisos
3829,Messini,183,Messinia,105050,Peloponnisos
3830,Nestoras,183,Messinia,105050,Peloponnisos
3831,Oichalia,183,Messinia,105050,Peloponnisos
3832,Papaflessas,183,Messinia,105050,Peloponnisos
3833,Petalidi,183,Messinia,105050,Peloponnisos
3834,Pilos,183,Messinia,105050,Peloponnisos
3835,Trikorfo,183,Messinia,105050,Peloponnisos
3836,Tripila,183,Messinia,105050,Peloponnisos
3837,Filiatra,183,Messinia,105050,Peloponnisos
3838,Chiliochoria,183,Messinia,105050,Peloponnisos
3839,Avdira,184,Xanthi Prefecture,105058,Thraki
3840,Vistonida,184,Xanthi Prefecture,105058,Thraki
3841,Therma,184,Xanthi Prefecture,105058,Thraki
3842,Kotili,184,Xanthi Prefecture,105058,Thraki
3843,Miki,184,Xanthi Prefecture,105058,Thraki
3844,Xanthi,184,Xanthi Prefecture,105058,Thraki
3845,Satres,184,Xanthi Prefecture,105058,Thraki
3846,Selero,184,Xanthi Prefecture,105058,Thraki
3847,Stavroupoli,184,Xanthi Prefecture,105058,Thraki
3848,Topeiro,184,Xanthi Prefecture,105058,Thraki
3849,Aridaia,185,Pella,105057,Macedonia
3850,Vegoritida,185,Pella,105057,Macedonia
3851,Giannitsa,185,Pella,105057,Macedonia
3852,Edessa,185,Pella,105057,Macedonia
3853,Exaplatanos,185,Pella,105057,Macedonia
3854,Kria Vrisi,185,Pella,105057,Macedonia
3855,Kirros,185,Pella,105057,Macedonia
3856,Megas Alexandros,185,Pella,105057,Macedonia
3857,Meniida,185,Pella,105057,Macedonia
3858,Pella,185,Pella,105057,Macedonia
3859,Skidra,185,Pella,105057,Macedonia
3860,Aiginio,186,Pieria Prefecture,105057,Macedonia
3861,Easts Olimpos,186,Pieria Prefecture,105057,Macedonia
3862,Dion,186,Pieria Prefecture,105057,Macedonia
3863,Elafina,186,Pieria Prefecture,105057,Macedonia
3864,Katerini,186,Pieria Prefecture,105057,Macedonia
3865,Kolindros,186,Pieria Prefecture,105057,Macedonia
3866,Korinos,186,Pieria Prefecture,105057,Macedonia
3867,Litochoro,186,Pieria Prefecture,105057,Macedonia
3868,Methoni,186,Pieria Prefecture,105057,Macedonia
3869,Paralia,186,Pieria Prefecture,105057,Macedonia
3870,Petra,186,Pieria Prefecture,105057,Macedonia
3871,Pieria,186,Pieria Prefecture,105057,Macedonia
3872,Pidna,186,Pieria Prefecture,105057,Macedonia
3873,Anogeio,187,Preveza Prefecture,105055,Ipiros
3874,Zaloggo,187,Preveza Prefecture,105055,Ipiros
3875,Thesprotiko,187,Preveza Prefecture,105055,Ipiros
3876,Kranea,187,Preveza Prefecture,105055,Ipiros
3877,Louros,187,Preveza Prefecture,105055,Ipiros
3878,Parga,187,Preveza Prefecture,105055,Ipiros
3879,Preveza,187,Preveza Prefecture,105055,Ipiros
3880,Fanari,187,Preveza Prefecture,105055,Ipiros
3881,Filippiada,187,Preveza Prefecture,105055,Ipiros
3882,Anogeia,188,Rethymno Prefecture,105051,Crete
3883,Arkadi,188,Rethymno Prefecture,105051,Crete
3884,Geropotamos,188,Rethymno Prefecture,105051,Crete
3885,Kouloukonas,188,Rethymno Prefecture,105051,Crete
3886,Kourites,188,Rethymno Prefecture,105051,Crete
3887,Lampi,188,Rethymno Prefecture,105051,Crete
3888,Lappa,188,Rethymno Prefecture,105051,Crete
3889,Nikiforos Fokas,188,Rethymno Prefecture,105051,Crete
3890,Rethimno,188,Rethymno Prefecture,105051,Crete
3891,Sivritos,188,Rethymno Prefecture,105051,Crete
3892,Foinikas,188,Rethymno Prefecture,105051,Crete
3893,Aigeiros,189,Rodopi Prefecture,105058,Thraki
3894,Amaxades,189,Rodopi Prefecture,105058,Thraki
3895,Arriana,189,Rodopi Prefecture,105058,Thraki
3896,Iasmos,189,Rodopi Prefecture,105058,Thraki
3897,Kechros,189,Rodopi Prefecture,105058,Thraki
3898,Komotini,189,Rodopi Prefecture,105058,Thraki
3899,Maroneia,189,Rodopi Prefecture,105058,Thraki
3900,Neo Sidirochori,189,Rodopi Prefecture,105058,Thraki
3901,Organi,189,Rodopi Prefecture,105058,Thraki
3902,Sapes,189,Rodopi Prefecture,105058,Thraki
3903,Sostis,189,Rodopi Prefecture,105058,Thraki
3904,Fillira,189,Rodopi Prefecture,105058,Thraki
3912,Fourni Korsoi,190,Samos Prefecture,105052,Aegean Islands
3913,Agkistro,191,Serres Prefecture,105057,Macedonia
3914,Alistrati,191,Serres Prefecture,105057,Macedonia
3915,Amfipoli,191,Serres Prefecture,105057,Macedonia
3916,Ano Vronti,191,Serres Prefecture,105057,Macedonia
3917,Achinos,191,Serres Prefecture,105057,Macedonia
3918,Achladochori,191,Serres Prefecture,105057,Macedonia
3919,Visaltia,191,Serres Prefecture,105057,Macedonia
3920,Emmanouil Pappas,191,Serres Prefecture,105057,Macedonia
3921,Irakleia,191,Serres Prefecture,105057,Macedonia
3922,Kerkini,191,Serres Prefecture,105057,Macedonia
3923,Kormista,191,Serres Prefecture,105057,Macedonia
3924,Lefkonas,191,Serres Prefecture,105057,Macedonia
3925,Kato Mitrousi,191,Serres Prefecture,105057,Macedonia
3926,Nea Zichni,191,Serres Prefecture,105057,Macedonia
3927,Nigrita,191,Serres Prefecture,105057,Macedonia
3928,Oreini,191,Serres Prefecture,105057,Macedonia
3929,Petritsi,191,Serres Prefecture,105057,Macedonia
3930,Promachonas,191,Serres Prefecture,105057,Macedonia
3931,Proti,191,Serres Prefecture,105057,Macedonia
3932,Rodolivos,191,Serres Prefecture,105057,Macedonia
3933,Serres,191,Serres Prefecture,105057,Macedonia
3934,Sidirokastro,191,Serres Prefecture,105057,Macedonia
3935,Skotoussa,191,Serres Prefecture,105057,Macedonia
3936,Skoutari,191,Serres Prefecture,105057,Macedonia
3937,Strimonas,191,Serres Prefecture,105057,Macedonia
3938,Strimoniko,191,Serres Prefecture,105057,Macedonia
3939,Tragilos,191,Serres Prefecture,105057,Macedonia
3940,Aithikoi,192,Trikala Prefecture,105056,Thessalia
3941,Aspropotamos,192,Trikala Prefecture,105056,Thessalia
3942,Vasiliki,192,Trikala Prefecture,105056,Thessalia
3943,Gomfoi,192,Trikala Prefecture,105056,Thessalia
3944,Estiaiotida,192,Trikala Prefecture,105056,Thessalia
3945,Kalampaka,192,Trikala Prefecture,105056,Thessalia
3946,Kallidendro,192,Trikala Prefecture,105056,Thessalia
3947,Kastania,192,Trikala Prefecture,105056,Thessalia
3948,Kleinovos,192,Trikala Prefecture,105056,Thessalia
3949,Koziakas,192,Trikala Prefecture,105056,Thessalia
3950,Malakasi,192,Trikala Prefecture,105056,Thessalia
3951,Megala Kalivia,192,Trikala Prefecture,105056,Thessalia
3952,Mirofillo,192,Trikala Prefecture,105056,Thessalia
3953,Neraida,192,Trikala Prefecture,105056,Thessalia
3954,Ichalias,192,Trikala Prefecture,105056,Thessalia
3955,Paliokastro,192,Trikala Prefecture,105056,Thessalia
3956,Paralithaioi,192,Trikala Prefecture,105056,Thessalia
3957,Pellinaio,192,Trikala Prefecture,105056,Thessalia
3958,Pialeia,192,Trikala Prefecture,105056,Thessalia
3959,Pili,192,Trikala Prefecture,105056,Thessalia
3960,Pindaio,192,Trikala Prefecture,105056,Thessalia
3961,Trikala,192,Trikala Prefecture,105056,Thessalia
3962,Timfaios,192,Trikala Prefecture,105056,Thessalia
3963,Faloreia,192,Trikala Prefecture,105056,Thessalia
3964,Farkadona,192,Trikala Prefecture,105056,Thessalia
3965,Chasia,192,Trikala Prefecture,105056,Thessalia
3966,Agios Georgios Timfristou,193,Phthiotis,105054,Sterea Ellada
3967,Agios Konstantinos,193,Phthiotis,105054,Sterea Ellada
3968,Amfikleia,193,Phthiotis,105054,Sterea Ellada
3969,Atalanti,193,Phthiotis,105054,Sterea Ellada
3970,Gorgopotamos,193,Phthiotis,105054,Sterea Ellada
3971,Dafnouses,193,Phthiotis,105054,Sterea Ellada
3972,Domokos,193,Phthiotis,105054,Sterea Ellada
3973,Elateia,193,Phthiotis,105054,Sterea Ellada
3974,Echineon,193,Phthiotis,105054,Sterea Ellada
3975,Thessaliotida,193,Phthiotis,105054,Sterea Ellada
3976,Kamena Vourla,193,Phthiotis,105054,Sterea Ellada
3977,Lamia,193,Phthiotis,105054,Sterea Ellada
3978,Leianokladi,193,Phthiotis,105054,Sterea Ellada
3979,Makrakomi,193,Phthiotis,105054,Sterea Ellada
3981,Molos,193,Phthiotis,105054,Sterea Ellada
3982,Xiniada,193,Phthiotis,105054,Sterea Ellada
3983,Opounta,193,Phthiotis,105054,Sterea Ellada
3984,Pavliani,193,Phthiotis,105054,Sterea Ellada
3985,Pelasgia,193,Phthiotis,105054,Sterea Ellada
3986,Spercheiada,193,Phthiotis,105054,Sterea Ellada
3987,Stilida,193,Phthiotis,105054,Sterea Ellada
3988,Tithorea,193,Phthiotis,105054,Sterea Ellada
3989,Timfristos,193,Phthiotis,105054,Sterea Ellada
3990,Ipati,193,Phthiotis,105054,Sterea Ellada
3991,Aetos,194,Florina Prefecture,105057,Macedonia
3992,Amintaio,194,Florina Prefecture,105057,Macedonia
3993,Variko,194,Florina Prefecture,105057,Macedonia
3994,Kato Kleines,194,Florina Prefecture,105057,Macedonia
3995,Kristalopigi,194,Florina Prefecture,105057,Macedonia
3996,Lechovo,194,Florina Prefecture,105057,Macedonia
3997,Meliti,194,Florina Prefecture,105057,Macedonia
3998,Nimfaio,194,Florina Prefecture,105057,Macedonia
3999,Perasma,194,Florina Prefecture,105057,Macedonia
4000,Prespes,194,Florina Prefecture,105057,Macedonia
4001,Filotas,194,Florina Prefecture,105057,Macedonia
4002,Florina,194,Florina Prefecture,105057,Macedonia
4003,Amfissa,195,Fokida,105054,Sterea Ellada
4004,Vardousioi,195,Fokida,105054,Sterea Ellada
4005,Galaxidi,195,Fokida,105054,Sterea Ellada
4006,Gravia,195,Fokida,105054,Sterea Ellada
4007,Delfoi,195,Fokida,105054,Sterea Ellada
4008,Desfina,195,Fokida,105054,Sterea Ellada
4009,Efpalio,195,Fokida,105054,Sterea Ellada
4010,Itea,195,Fokida,105054,Sterea Ellada
4011,Kallias,195,Fokida,105054,Sterea Ellada
4012,Lidoriki,195,Fokida,105054,Sterea Ellada
4013,Parnassos,195,Fokida,105054,Sterea Ellada
4014,Tolofona,195,Fokida,105054,Sterea Ellada
4015,Anthemountas,196,Chalkidiki,105057,Macedonia
4016,Arnaia,196,Chalkidiki,105057,Macedonia
4017,Zervochoria,196,Chalkidiki,105057,Macedonia
4018,Kallikrateia,196,Chalkidiki,105057,Macedonia
4019,Kassandra,196,Chalkidiki,105057,Macedonia
4020,Moudania,196,Chalkidiki,105057,Macedonia
4021,Ormilia,196,Chalkidiki,105057,Macedonia
4022,Pallini,196,Chalkidiki,105057,Macedonia
4023,Panagia,196,Chalkidiki,105057,Macedonia
4024,Poligiros,196,Chalkidiki,105057,Macedonia
4025,Sithonia,196,Chalkidiki,105057,Macedonia
4026,Stagiron - Akanthou,196,Chalkidiki,105057,Macedonia
4027,Toroni,196,Chalkidiki,105057,Macedonia
4028,Triglia,196,Chalkidiki,105057,Macedonia
4029,Akrotiri,197,Chania Prefecture,105051,Crete
4030,East Selinos,197,Chania Prefecture,105051,Crete
4031,Armenoi,197,Chania Prefecture,105051,Crete
4032,Asi Gonia,197,Chania Prefecture,105051,Crete
4033,Vamos,197,Chania Prefecture,105051,Crete
4034,Voukolies,197,Chania Prefecture,105051,Crete
4035,Gavdos,197,Chania Prefecture,105051,Crete
4036,Georgioupoli,197,Chania Prefecture,105051,Crete
4037,El. Venizelos,197,Chania Prefecture,105051,Crete
4038,Therisos,197,Chania Prefecture,105051,Crete
4039,Innachori,197,Chania Prefecture,105051,Crete
4040,Kandanos,197,Chania Prefecture,105051,Crete
4041,Keramia,197,Chania Prefecture,105051,Crete
4042,Kissamos,197,Chania Prefecture,105051,Crete
4043,Kolimvari,197,Chania Prefecture,105051,Crete
4044,Krionerida,197,Chania Prefecture,105051,Crete
4045,Mousouroi,197,Chania Prefecture,105051,Crete
4046,Mithimni,197,Chania Prefecture,105051,Crete
4047,Nea Kidonia,197,Chania Prefecture,105051,Crete
4048,Pelekanos,197,Chania Prefecture,105051,Crete
4049,Platanias,197,Chania Prefecture,105051,Crete
4050,Chania,197,Chania Prefecture,105051,Crete
4051,Souda,197,Chania Prefecture,105051,Crete
4052,Sfakia,197,Chania Prefecture,105051,Crete
4053,Fre,197,Chania Prefecture,105051,Crete
4060,Oinousses,198,Chios Prefecture,105052,Aegean Islands
4063,Psara,198,Chios Prefecture,105052,Aegean Islands
4500,Agia Napa,4805,Famagusta,301,Cyprus
4802,Paralimni,4805,Famagusta,301,Cyprus
4804,Protaras,4805,Famagusta,301,Cyprus
6001,Agios Eleftherios - Probona - Rizoupoli,100,Athens - Center,105103,Attica
6002,Ampelokipoi - Pentagon,100,Athens - Center,105103,Attica
6003,Ano Patisia,100,Athens - Center,105103,Attica
6004,Attiki,100,Athens - Center,105103,Attica
6005,Gazi - Metaxourgio - Votanikos,100,Athens - Center,105103,Attica
6006,Gizi - Pedion Areos,100,Athens - Center,105103,Attica
6007,Exarchia - Neapoli,100,Athens - Center,105103,Attica
6008,Historic Center,100,Athens - Center,105103,Attica
6009,Kolonaki - Lykavittos,100,Athens - Center,105103,Attica
6010,Kolonos - Kolokynthous,100,Athens - Center,105103,Attica
6011,Koukaki - Makrygianni,100,Athens - Center,105103,Attica
6012,Mets - Kalimarmaro,100,Athens - Center,105103,Attica
6013,Pagkrati,100,Athens - Center,105103,Attica
6014,Poligono - Tourkovounia,100,Athens - Center,105103,Attica
6015,Sepolia - Skouze,100,Athens - Center,105103,Attica
108216,Tetrachori,165,Heraklion Prefecture,105051,Crete
118174,Legrena,107,Rest of Attica,105103,Attica
124103,Rhodes,158,Dodecanese,105052,Aegean Islands
124112,Kos,158,Dodecanese,105052,Aegean Islands
124114,Karpathos,158,Dodecanese,105052,Aegean Islands
124173,Santorini,176,Cyclades,105052,Aegean Islands
124183,Tinos,176,Cyclades,105052,Aegean Islands
124190,Andros,176,Cyclades,105052,Aegean Islands
124192,Syros,176,Cyclades,105052,Aegean Islands
124209,Samos,190,Samos Prefecture,105052,Aegean Islands
124217,Ikaria,190,Samos Prefecture,105052,Aegean Islands
124221,Chios,198,Chios Prefecture,105052,Aegean Islands
124230,Lefkada,181,Lefkada Prefecture,105053,Ionian Islands
124242,Kefalonia,172,Kefallinia Prefecture,105053,Ionian Islands
124274,Corfu,171,Corfu Prefecture,105053,Ionian Islands
126511,Tsaritsani,178,Larissa Prefecture,105056,Thessalia
126804,Zoniana,188,Rethymno Prefecture,105051,Crete
126975,Vrachasi,179,Lasithi Prefecture,105051,Crete
330001,Agios Dometios,4801,Nicosia,301,Cyprus
330002,Aglantzia,4801,Nicosia,301,Cyprus
330003,Akropoli,4801,Nicosia,301,Cyprus
330004,Anthoupoli,4801,Nicosia,301,Cyprus
330005,Egkomi,4801,Nicosia,301,Cyprus
330006,Geri,4801,Nicosia,301,Cyprus
330007,Kaimakli,4801,Nicosia,301,Cyprus
330008,Lakatameia,4801,Nicosia,301,Cyprus
330009,Latsia - Lakkia,4801,Nicosia,301,Cyprus
330010,Lefkosia center - Nicosia,4801,Nicosia,301,Cyprus
330011,Pallouriotissa,4801,Nicosia,301,Cyprus
330012,Strovolos,4801,Nicosia,301,Cyprus
330013,Synikismos Anthoupolis,4801,Nicosia,301,Cyprus
330014,Chlorakas,4803,Paphos,301,Cyprus
330016,Pafos (center),4803,Paphos,301,Cyprus
330017,Pera Chorio Nisou,4803,Paphos,301,Cyprus
330018,Aradipou,4501,Larnaca,301,Cyprus
330019,Dromolaksia,4501,Larnaca,301,Cyprus
330020,Larnaca (center),4501,Larnaca,301,Cyprus
330021,Meneou,4501,Larnaca,301,Cyprus
330022,Oroklini,4501,Larnaca,301,Cyprus
330023,Oroklini (tourist area),4501,Larnaca,301,Cyprus
330024,Pylas (tourist area),4501,Larnaca,301,Cyprus
330026,Agios Athanasios,4800,Limassol,301,Cyprus
330027,Germasogeia,4800,Limassol,301,Cyprus
330028,Lemesos (center),4800,Limassol,301,Cyprus
330029,Mesa Geitonia,4800,Limassol,301,Cyprus
330030,Moutagiakas (tourist area),4800,Limassol,301,Cyprus
330031,Polemidia (Kato),4800,Limassol,301,Cyprus
330032,Polemidia (Pano),4800,Limassol,301,Cyprus
330033,Tychonas (tourist area),4800,Limassol,301,Cyprus
330034,Ypsonas,4800,Limassol,301,Cyprus
330035,Geroskipou,4803,Paphos,301,Cyprus
330036,Koloni,4800,Limassol,301,Cyprus
330037,Anglikos Stratos Lefkosias,4801,Nicosia,301,Cyprus
330039,Deftera Kato,4801,Nicosia,301,Cyprus
330040,Deftera Pano,4801,Nicosia,301,Cyprus
330042,Tseri,4801,Nicosia,301,Cyprus
330060,Ilioupoli,4801,Nicosia,301,Cyprus
330061,Konstantia,4801,Nicosia,301,Cyprus
330062,Dali Kallithea,4801,Nicosia,301,Cyprus
330063,Nea Lidra,4801,Nicosia,301,Cyprus
330064,Agia Varvara,4801,Nicosia,301,Cyprus
330066,Agios Sozomenos,4801,Nicosia,301,Cyprus
330067,Alampra,4801,Nicosia,301,Cyprus
330068,Ktsiatis,4801,Nicosia,301,Cyprus
330069,Lythrodontas,4801,Nicosia,301,Cyprus
330070,Lympia,4801,Nicosia,301,Cyprus
330074,Moni Profiti Ilia,4801,Nicosia,301,Cyprus
330075,Nisou,4801,Nicosia,301,Cyprus
330076,Pera Chorio,4801,Nicosia,301,Cyprus
330077,Potamia,4801,Nicosia,301,Cyprus
330078,Sia,4801,Nicosia,301,Cyprus
330079,Klirou,4801,Nicosia,301,Cyprus
330080,Agios Epifanios Oreinis,4801,Nicosia,301,Cyprus
330081,Agios Ioannis Malountas,4801,Nicosia,301,Cyprus
330082,Malounta Lefkosias,4801,Nicosia,301,Cyprus
330083,Apliki,4801,Nicosia,301,Cyprus
330084,Arediou,4801,Nicosia,301,Cyprus
330085,Gurri,4801,Nicosia,301,Cyprus
330086,Kalo Chorio Oreinis,4801,Nicosia,301,Cyprus
330087,Agrokipia,4801,Nicosia,301,Cyprus
330088,Lazanias,4801,Nicosia,301,Cyprus
330089,Kampi Farmaka,4801,Nicosia,301,Cyprus
330090,Farmakas,4801,Nicosia,301,Cyprus
330091,Moni Machaira,4801,Nicosia,301,Cyprus
330092,Mitsero,4801,Nicosia,301,Cyprus
330093,Fikardou,4801,Nicosia,301,Cyprus
330094,Moni Agiou Panteleimonos Achera,4801,Nicosia,301,Cyprus
330095,Psimolofou,4801,Nicosia,301,Cyprus
330096,Anagyia,4801,Nicosia,301,Cyprus
330097,Analiontas,4801,Nicosia,301,Cyprus
330098,Episkopeio,4801,Nicosia,301,Cyprus
330099,Ergates,4801,Nicosia,301,Cyprus
330100,Kampia,4801,Nicosia,301,Cyprus
330101,Kapedes,4801,Nicosia,301,Cyprus
330102,Kataliontas,4801,Nicosia,301,Cyprus
330103,Margi,4801,Nicosia,301,Cyprus
330104,Moni Agiou Irakleidiou,4801,Nicosia,301,Cyprus
330105,Moni Archangelou Michail,4801,Nicosia,301,Cyprus
330106,Pera Oreinis,4801,Nicosia,301,Cyprus
330107,Politiko,4801,Nicosia,301,Cyprus
330108,Filani,4801,Nicosia,301,Cyprus
330109,Moni Panagias Theotokou,4801,Nicosia,301,Cyprus
330110,Kokkinotrimithia,4801,Nicosia,301,Cyprus
330112,Agioi Trimithias,4801,Nicosia,301,Cyprus
330116,Deneia,4801,Nicosia,301,Cyprus
330120,Mammari,4801,Nicosia,301,Cyprus
330123,Paliometocho,4801,Nicosia,301,Cyprus
330127,Akaki,4801,Nicosia,301,Cyprus
330129,Astromeritis,4801,Nicosia,301,Cyprus
330135,Meniko,4801,Nicosia,301,Cyprus
330137,Chrysiliou,4801,Nicosia,301,Cyprus
330138,Peristerona Morfou,4801,Nicosia,301,Cyprus
330139,Palaichori Morfou,4801,Nicosia,301,Cyprus
330140,Palaichori Oreinis,4801,Nicosia,301,Cyprus
330141,Alithinou,4801,Nicosia,301,Cyprus
330142,Alona,4801,Nicosia,301,Cyprus
330143,Askas,4801,Nicosia,301,Cyprus
330144,Lagoudera,4801,Nicosia,301,Cyprus
330145,Leivadia Pitsylias,4801,Nicosia,301,Cyprus
330146,Platanistasa,4801,Nicosia,301,Cyprus
330147,Polystypos,4801,Nicosia,301,Cyprus
330148,Saranti,4801,Nicosia,301,Cyprus
330149,Fterikoudi,4801,Nicosia,301,Cyprus
330150,Koutrafas Kato,4801,Nicosia,301,Cyprus
330151,Koutrafas Pano,4801,Nicosia,301,Cyprus
330152,Agia Marina Xyliatou,4801,Nicosia,301,Cyprus
330153,Agios Georgios Kafkalou,4801,Nicosia,301,Cyprus
330154,Vyzakia,4801,Nicosia,301,Cyprus
330155,Agioi Iliofotoi,4801,Nicosia,301,Cyprus
330156,Kato Moni,4801,Nicosia,301,Cyprus
330157,Nikitari,4801,Nicosia,301,Cyprus
330158,Asinou,4801,Nicosia,301,Cyprus
330159,Orounta,4801,Nicosia,301,Cyprus
330160,Potami,4801,Nicosia,301,Cyprus
330161,Xyliatos,4801,Nicosia,301,Cyprus
330162,Dasikos Stathmos Panagias,4801,Nicosia,301,Cyprus
330163,Kakopetria,4801,Nicosia,301,Cyprus
330164,Agia Erini,4801,Nicosia,301,Cyprus
330165,Agios Epifanios Soleas,4801,Nicosia,301,Cyprus
330166,Agios Georgios Soleas,4801,Nicosia,301,Cyprus
330167,Agios Theodoros Soleas,4801,Nicosia,301,Cyprus
330168,Agios Nikolaos Lefkas,4801,Nicosia,301,Cyprus
330169,Agios Nikolaos Stegis,4801,Nicosia,301,Cyprus
330171,Galata,4801,Nicosia,301,Cyprus
330172,Dasikos Stathmos Kapouras,4801,Nicosia,301,Cyprus
330173,Dasikos Stathmos Platanion,4801,Nicosia,301,Cyprus
330175,Evrichou,4801,Nicosia,301,Cyprus
330176,Kaliana,4801,Nicosia,301,Cyprus
330178,Kannavia,4801,Nicosia,301,Cyprus
330179,Katydata,4801,Nicosia,301,Cyprus
330180,Korakou,4801,Nicosia,301,Cyprus
330181,Agroladou,4801,Nicosia,301,Cyprus
330183,Sina Oros (Sinaoros),4801,Nicosia,301,Cyprus
330184,Skouriotissa,4801,Nicosia,301,Cyprus
330185,Spilia,4801,Nicosia,301,Cyprus
330186,Temvria,4801,Nicosia,301,Cyprus
330189,Linou,4801,Nicosia,301,Cyprus
330190,Kourdali,4801,Nicosia,301,Cyprus
330191,Pedoulas,4801,Nicosia,301,Cyprus
330192,Frodisia (Vroisia),4801,Nicosia,301,Cyprus
330193,Gerakies,4801,Nicosia,301,Cyprus
330194,Kalopanagiotis,4801,Nicosia,301,Cyprus
330195,Kampos,4801,Nicosia,301,Cyprus
330196,Mylikouri,4801,Nicosia,301,Cyprus
330197,Moni Kykkou,4801,Nicosia,301,Cyprus
330198,Moutoullas,4801,Nicosia,301,Cyprus
330199,Oikos,4801,Nicosia,301,Cyprus
330200,Stathmos Orkonta,4801,Nicosia,301,Cyprus
330201,Tsakkistra,4801,Nicosia,301,Cyprus
330204,Variseia,4801,Nicosia,301,Cyprus
330208,Neo Livadi,4801,Nicosia,301,Cyprus
330210,Xeros,4801,Nicosia,301,Cyprus
330213,Potamos Tou Kampou,4801,Nicosia,301,Cyprus
330215,Soloi,4801,Nicosia,301,Cyprus
330216,Pyrgos Kato Tillirias,4801,Nicosia,301,Cyprus
330217,Pyrgos Pano Tillirias,4801,Nicosia,301,Cyprus
330218,Agios Theodoros Tillirias,4801,Nicosia,301,Cyprus
330220,Alefka,4801,Nicosia,301,Cyprus
330224,Loutros,4801,Nicosia,301,Cyprus
330225,Mansoura,4801,Nicosia,301,Cyprus
330226,Mosfili,4801,Nicosia,301,Cyprus
330228,Pachyammos,4801,Nicosia,301,Cyprus
330229,Pigenia,4801,Nicosia,301,Cyprus
330230,Challeri,4801,Nicosia,301,Cyprus
330231,Selldi Tou Appi,4801,Nicosia,301,Cyprus
330232,Selemani (Agios Ioannis Tillirias),4801,Nicosia,301,Cyprus
330233,Anglikos Stratos Akrotiriou,4800,Limassol,301,Cyprus
330234,Kellaki,4800,Limassol,301,Cyprus
330235,Akapnou,4800,Limassol,301,Cyprus
330236,Asgata,4800,Limassol,301,Cyprus
330237,Platies Metalleia,4800,Limassol,301,Cyprus
330238,Vasa Kellakiou,4800,Limassol,301,Cyprus
330239,Prastio Kellakiou,4800,Limassol,301,Cyprus
330240,Eptagoneia,4800,Limassol,301,Cyprus
330241,Klonari,4800,Limassol,301,Cyprus
330242,Moni Zoodochou Pigis,4800,Limassol,301,Cyprus
330243,Vikla,4800,Limassol,301,Cyprus
330244,Sanida,4800,Limassol,301,Cyprus
330245,Profitis Ilias,4800,Limassol,301,Cyprus
330246,Parekklisia,4800,Limassol,301,Cyprus
330247,Agios Tychonas,4800,Limassol,301,Cyprus
330248,Akrounta,4800,Limassol,301,Cyprus
330249,Armenochori,4800,Limassol,301,Cyprus
330250,Monagroulli,4800,Limassol,301,Cyprus
330251,Moni,4800,Limassol,301,Cyprus
330252,Moni Agiou Georgiou Alamanou,4800,Limassol,301,Cyprus
330253,Mouttagiaka,4800,Limassol,301,Cyprus
330254,Akti Kyverniti,4800,Limassol,301,Cyprus
330255,Pentakomo,4800,Limassol,301,Cyprus
330256,Pyrgos,4800,Limassol,301,Cyprus
330257,Foinikaria,4800,Limassol,301,Cyprus
330258,Parekklisia Touristiki Periochi,4800,Limassol,301,Cyprus
330259,Pyrgos Touristiki Periochi,4800,Limassol,301,Cyprus
330260,Paramytha,4800,Limassol,301,Cyprus
330261,Apesia,4800,Limassol,301,Cyprus
330262,Apsiou,4800,Limassol,301,Cyprus
330263,Gerasa,4800,Limassol,301,Cyprus
330264,Kapileio,4800,Limassol,301,Cyprus
330265,Korfi,4800,Limassol,301,Cyprus
330266,Limnatis,4800,Limassol,301,Cyprus
330267,Mathikoloni,4800,Limassol,301,Cyprus
330268,Moni Evangelistrias,4800,Limassol,301,Cyprus
330269,Palodeia,4800,Limassol,301,Cyprus
330270,Spitali,4800,Limassol,301,Cyprus
330271,Fasoula Lemesou,4800,Limassol,301,Cyprus
330272,Monte Korfi,4800,Limassol,301,Cyprus
330273,Louvaras,4800,Limassol,301,Cyprus
330274,Agios Konstantinos,4800,Limassol,301,Cyprus
330275,Agios Pavlos,4800,Limassol,301,Cyprus
330276,Arakapas,4800,Limassol,301,Cyprus
330277,Dierona,4800,Limassol,301,Cyprus
330278,Zoopigi,4800,Limassol,301,Cyprus
330279,Kalo Chorio Lemesou,4800,Limassol,301,Cyprus
330280,Athrakos,4800,Limassol,301,Cyprus
330281,Stathmos Pefkou (Kalo Chorio),4800,Limassol,301,Cyprus
330282,Sykopetra,4800,Limassol,301,Cyprus
330283,Avdimou,4800,Limassol,301,Cyprus
330284,Prastio Avdimou,4800,Limassol,301,Cyprus
330285,Alektora,4800,Limassol,301,Cyprus
330286,Anogyra,4800,Limassol,301,Cyprus
330287,Paramali,4800,Limassol,301,Cyprus
330288,Platanisteia,4800,Limassol,301,Cyprus
330289,Agios Thomas,4800,Limassol,301,Cyprus
330290,Pissouri,4800,Limassol,301,Cyprus
330291,Stathmos Pissouriou,4800,Limassol,301,Cyprus
330292,Episkopi,4800,Limassol,301,Cyprus
330293,Erimi,4800,Limassol,301,Cyprus
330294,Kantou,4800,Limassol,301,Cyprus
330295,Kolossi,4800,Limassol,301,Cyprus
330296,Sotira,4800,Limassol,301,Cyprus
330297,Symvoulos,4800,Limassol,301,Cyprus
330298,Sterakonou,4800,Limassol,301,Cyprus
330299,Kolossi Synoikismos,4800,Limassol,301,Cyprus
330300,Akrotiri,4800,Limassol,301,Cyprus
330301,Asomatos,4800,Limassol,301,Cyprus
330302,Moni Agiou Nikolaou,4800,Limassol,301,Cyprus
330303,Trachoni Lemesou,4800,Limassol,301,Cyprus
330304,Tserkez Tsiftlik (Tserkezoi),4800,Limassol,301,Cyprus
330305,Fasouri,4800,Limassol,301,Cyprus
330306,Pachna,4800,Limassol,301,Cyprus
330307,Agios Amvrosios,4800,Limassol,301,Cyprus
330308,Agios Therapon,4800,Limassol,301,Cyprus
330309,Alassa,4800,Limassol,301,Cyprus
330311,Kivides Kato,4800,Limassol,301,Cyprus
330312,Kivides Pano,4800,Limassol,301,Cyprus
330313,Lofou,4800,Limassol,301,Cyprus
330314,Souni,4800,Limassol,301,Cyprus
330315,Trimiklini,4800,Limassol,301,Cyprus
330316,Agios Georgios,4800,Limassol,301,Cyprus
330317,Agios Mamas,4800,Limassol,301,Cyprus
330318,Silikou,4800,Limassol,301,Cyprus
330319,Kouka,4800,Limassol,301,Cyprus
330320,Laneia,4800,Limassol,301,Cyprus
330321,Mesa Potamos,4800,Limassol,301,Cyprus
330322,Monagri,4800,Limassol,301,Cyprus
330323,Moniatis,4800,Limassol,301,Cyprus
330324,Saittas,4800,Limassol,301,Cyprus
330325,Stathmos Filagron,4800,Limassol,301,Cyprus
330326,Doros,4800,Limassol,301,Cyprus
330327,Stathmos Laneias,4800,Limassol,301,Cyprus
330328,Omodos,4800,Limassol,301,Cyprus
330329,Arsos,4800,Limassol,301,Cyprus
330330,Vasa Koilaniou,4800,Limassol,301,Cyprus
330331,Vouni,4800,Limassol,301,Cyprus
330332,Gerovasa,4800,Limassol,301,Cyprus
330333,Dora,4800,Limassol,301,Cyprus
330334,Kissousa,4800,Limassol,301,Cyprus
330335,Koilani,4800,Limassol,301,Cyprus
330336,Malia,4800,Limassol,301,Cyprus
330337,Mandria,4800,Limassol,301,Cyprus
330338,Pera Pedi,4800,Limassol,301,Cyprus
330339,Potamiou,4800,Limassol,301,Cyprus
330340,Trozaina,4800,Limassol,301,Cyprus
330341,Troodos,4800,Limassol,301,Cyprus
330342,Amiantos Kato,4800,Limassol,301,Cyprus
330343,Amiantos Pano,4800,Limassol,301,Cyprus
330344,Moni Trooditissis,4800,Limassol,301,Cyprus
330345,Stathmos Mozora,4800,Limassol,301,Cyprus
330346,Foini,4800,Limassol,301,Cyprus
330347,Platres Kato,4800,Limassol,301,Cyprus
330348,Platres Pamo,4800,Limassol,301,Cyprus
330349,Prodromos,4800,Limassol,301,Cyprus
330350,Dasiko Kolegio Kyprou,4800,Limassol,301,Cyprus
330351,Agios Dimitrios,4800,Limassol,301,Cyprus
330352,Kaminaria,4800,Limassol,301,Cyprus
330353,Lemithou,4800,Limassol,301,Cyprus
330354,Palaiomylos,4800,Limassol,301,Cyprus
330355,Treis Elies,4800,Limassol,301,Cyprus
330356,Moni Panagias Trikoukkias,4800,Limassol,301,Cyprus
330357,Scholi Mitsi,4800,Limassol,301,Cyprus
330358,Agros,4800,Limassol,301,Cyprus
330359,Agios Theodoros Agrou,4800,Limassol,301,Cyprus
330360,Agios Ioannis Agrou,4800,Limassol,301,Cyprus
330361,Agridia,4800,Limassol,301,Cyprus
330362,Dymes,4800,Limassol,301,Cyprus
330363,Mylos Kato,4800,Limassol,301,Cyprus
330364,Chandria,4800,Limassol,301,Cyprus
330365,Kyperounta,4800,Limassol,301,Cyprus
330366,Sanatorio Kyperounyas,4800,Limassol,301,Cyprus
330367,Pelendri,4800,Limassol,301,Cyprus
330368,Potamitissa,4800,Limassol,301,Cyprus
330370,Liopetri,4805,Famagusta,301,Cyprus
330371,Frenaros,4805,Famagusta,301,Cyprus
330372,Deryneia Kato,4805,Famagusta,301,Cyprus
330373,Deryneia,4805,Famagusta,301,Cyprus
330374,Sotira,4805,Famagusta,301,Cyprus
330375,Agia Thekla,4805,Famagusta,301,Cyprus
330376,Achna,4805,Famagusta,301,Cyprus
330377,Avgorou,4805,Famagusta,301,Cyprus
330380,Vrysoulles,4805,Famagusta,301,Cyprus
330481,Anglikos Stratos Dekeleias,4501,Larnaca,301,Cyprus
330484,Oroklini (Voroklini),4501,Larnaca,301,Cyprus
330486,Leivadia,4501,Larnaca,301,Cyprus
330487,Pyla,4501,Larnaca,301,Cyprus
330489,Avdellero,4501,Larnaca,301,Cyprus
330490,Dekeleia,4501,Larnaca,301,Cyprus
330491,Kellia,4501,Larnaca,301,Cyprus
330493,Troulloi,4501,Larnaca,301,Cyprus
330494,Prosfygikos Synoikismos EAC,4501,Larnaca,301,Cyprus
330495,Prosfygikos Synoikismos Vattaina,4501,Larnaca,301,Cyprus
330496,Moni Metamorfoseos,4501,Larnaca,301,Cyprus
330498,Xylofagou,4501,Larnaca,301,Cyprus
330499,Ormideia,4501,Larnaca,301,Cyprus
330500,Kiti,4501,Larnaca,301,Cyprus
330501,Perivolia Larnacas,4501,Larnaca,301,Cyprus
330502,Softades,4501,Larnaca,301,Cyprus
330503,Tersefanou,4501,Larnaca,301,Cyprus
330504,Alethriko,4501,Larnaca,301,Cyprus
330505,Anglisides,4501,Larnaca,301,Cyprus
330506,Alaminos,4501,Larnaca,301,Cyprus
330507,Anafotida,4501,Larnaca,301,Cyprus
330508,Aplanta,4501,Larnaca,301,Cyprus
330509,Kivisili,4501,Larnaca,301,Cyprus
330510,Klavdia,4501,Larnaca,301,Cyprus
330511,Mazotos,4501,Larnaca,301,Cyprus
330512,Menogeia,4501,Larnaca,301,Cyprus
330513,Athienou,4501,Larnaca,301,Cyprus
330515,Kosi,4501,Larnaca,301,Cyprus
330517,Petrofani,4501,Larnaca,301,Cyprus
330519,Kornos,4501,Larnaca,301,Cyprus
330520,Agia Anna,4501,Larnaca,301,Cyprus
330521,Delikipos,4501,Larnaca,301,Cyprus
330522,Kalo Chorio Larnacas,4501,Larnaca,301,Cyprus
330523,Moni Agias Theklis,4501,Larnaca,301,Cyprus
330524,Moni Stavrovouniou,4501,Larnaca,301,Cyprus
330525,Moni Panagias Galaktotrofousas,4501,Larnaca,301,Cyprus
330526,Mosfiloti,4501,Larnaca,301,Cyprus
330527,Pyrga,4501,Larnaca,301,Cyprus
330528,Psevdas,4501,Larnaca,301,Cyprus
330529,Moni Agias Varvaras,4501,Larnaca,301,Cyprus
330530,Lefkara Pano,4501,Larnaca,301,Cyprus
330531,Lefkara Kato,4501,Larnaca,301,Cyprus
330532,Agioi Vavatsinias,4501,Larnaca,301,Cyprus
330533,Vavatsinia,4801,Nicosia,301,Cyprus
330534,Vavla,4801,Nicosia,301,Cyprus
330535,Drys Kato,4501,Larnaca,301,Cyprus
330536,Lageia,4501,Larnaca,301,Cyprus
330537,Melini,4501,Larnaca,301,Cyprus
330538,Moni Agiou Mina,4501,Larnaca,301,Cyprus
330539,Odou,4501,Larnaca,301,Cyprus
330540,Ora,4501,Larnaca,301,Cyprus
330541,Parsata,4501,Larnaca,301,Cyprus
330542,Drapeia,4501,Larnaca,301,Cyprus
330543,Agios Theodoros Skarinou,4501,Larnaca,301,Cyprus
330544,Skarinou,4501,Larnaca,301,Cyprus
330545,Stathmos Skarinou,4501,Larnaca,301,Cyprus
330546,Kalavasos,4501,Larnaca,301,Cyprus
330547,Stathmos Kalavasou,4501,Larnaca,301,Cyprus
330548,Kofinou,4501,Larnaca,301,Cyprus
330549,Mari,4501,Larnaca,301,Cyprus
330550,Maroni,4501,Larnaca,301,Cyprus
330551,Vasiliko,4501,Larnaca,301,Cyprus
330552,Zygi,4501,Larnaca,301,Cyprus
330553,Tochni,4501,Larnaca,301,Cyprus
330554,Choirokoitia,4501,Larnaca,301,Cyprus
330555,Stathmos Choirokoitias,4501,Larnaca,301,Cyprus
330556,Psematismenos,4501,Larnaca,301,Cyprus
330557,Agia Marinouda,4803,Paphos,301,Cyprus
330558,Empa,4803,Paphos,301,Cyprus
330559,Lempa,4803,Paphos,301,Cyprus
330560,Tremithousa,4803,Paphos,301,Cyprus
330561,Mesogi,4803,Paphos,301,Cyprus
330562,Mesa Chorio,4803,Paphos,301,Cyprus
330563,Konia,4803,Paphos,301,Cyprus
330564,Koloni,4803,Paphos,301,Cyprus
330565,Kouklia,4803,Paphos,301,Cyprus
330566,Agia Varvara Pafou,4803,Paphos,301,Cyprus
330567,Anarita,4803,Paphos,301,Cyprus
330568,Acheleia,4803,Paphos,301,Cyprus
330569,Mandria,4803,Paphos,301,Cyprus
330570,Nikokleia,4803,Paphos,301,Cyprus
330571,Souskiou,4803,Paphos,301,Cyprus
330572,Timi,4803,Paphos,301,Cyprus
330573,Foinikas,4803,Paphos,301,Cyprus
330574,Lofoi Afroditis,4803,Paphos,301,Cyprus
330575,Cha Potami,4803,Paphos,301,Cyprus
330576,Marathounta,4803,Paphos,301,Cyprus
330577,Axylou,4803,Paphos,301,Cyprus
330578,Armou,4803,Paphos,301,Cyprus
330579,Eledio,4803,Paphos,301,Cyprus
330581,Nata,4803,Paphos,301,Cyprus
330582,Choletria,4803,Paphos,301,Cyprus
330583,Tsada,4803,Paphos,301,Cyprus
330584,Kallepeia,4803,Paphos,301,Cyprus
330585,Moro Nero,4803,Paphos,301,Cyprus
330586,Koili,4803,Paphos,301,Cyprus
330587,Kourdaka,4803,Paphos,301,Cyprus
330588,Lemona,4803,Paphos,301,Cyprus
330589,Letymvou,4803,Paphos,301,Cyprus
330590,Pitargou,4803,Paphos,301,Cyprus
330591,Panagia Kato,4803,Paphos,301,Cyprus
330592,Polemi,4803,Paphos,301,Cyprus
330593,Stroumpi Kato,4803,Paphos,301,Cyprus
330594,Stroumpi Pano,4803,Paphos,301,Cyprus
330595,Choulou,4803,Paphos,301,Cyprus
330597,Agios Georgios Pegeias,4803,Paphos,301,Cyprus
330598,Maa,4803,Paphos,301,Cyprus
330599,Akoursos,4803,Paphos,301,Cyprus
330600,Kathikas,4803,Paphos,301,Cyprus
330601,Kissonerga,4803,Paphos,301,Cyprus
330602,Kolpos Korallion,4803,Paphos,301,Cyprus
330603,Moni Agiou Neofytou,4803,Paphos,301,Cyprus
330604,Tala,4803,Paphos,301,Cyprus
330605,Mamonia,4803,Paphos,301,Cyprus
330606,Stavrokonnou,4803,Paphos,301,Cyprus
330607,Archimandrita Kato,4803,Paphos,301,Cyprus
330608,Archimandrita Pano,4803,Paphos,301,Cyprus
330609,Maronas,4803,Paphos,301,Cyprus
330610,Mousere,4803,Paphos,301,Cyprus
330611,Prastio Kelokedaron,4803,Paphos,301,Cyprus
330612,Agios Georgios Kelokedaron,4803,Paphos,301,Cyprus
330613,Trachypedoula,4803,Paphos,301,Cyprus
330614,Fasoula Kelokedaron,4803,Paphos,301,Cyprus
330615,Salamiou,4803,Paphos,301,Cyprus
330616,Agios Ioannis Salamious,4803,Paphos,301,Cyprus
330617,Malounta Pafou,4803,Paphos,301,Cyprus
330618,Agios Nikolaos Salamious,4803,Paphos,301,Cyprus
330619,Pera Vasa,4803,Paphos,301,Cyprus
330620,Arminou,4803,Paphos,301,Cyprus
330621,Kedares,4803,Paphos,301,Cyprus
330622,Kidasi,4803,Paphos,301,Cyprus
330623,K,4803,Paphos,301,Cyprus
330624,Filousa Kelokedaron,4803,Paphos,301,Cyprus
330625,Praitori,4803,Paphos,301,Cyprus
330626,Mesana,4803,Paphos,301,Cyprus
330627,Panagia Pano,4803,Paphos,301,Cyprus
330628,Agia Marina Kelokedaron,4803,Paphos,301,Cyprus
330629,Amargeti,4803,Paphos,301,Cyprus
330630,Asprogia,4803,Paphos,301,Cyprus
330631,Vretsia,4803,Paphos,301,Cyprus
330632,Galataria,4803,Paphos,301,Cyprus
330633,Koilineia,4803,Paphos,301,Cyprus
330634,Lapithiou,4803,Paphos,301,Cyprus
330635,Mamountali,4803,Paphos,301,Cyprus
330636,Moni Chrysorrogiatiisas,4803,Paphos,301,Cyprus
330637,Pentalia,4803,Paphos,301,Cyprus
330638,Statos,4803,Paphos,301,Cyprus
330639,Agios Fotios,4803,Paphos,301,Cyprus
330640,Ampelitis,4803,Paphos,301,Cyprus
330641,Faleia,4803,Paphos,301,Cyprus
330642,Drouseia,4803,Paphos,301,Cyprus
330643,Androlikou,4803,Paphos,301,Cyprus
330644,Arodes Kayo,4803,Paphos,301,Cyprus
330645,Arodes Pano,4803,Paphos,301,Cyprus
330646,Ineia,4803,Paphos,301,Cyprus
330647,Pittokopos,4803,Paphos,301,Cyprus
330648,Fasli,4803,Paphos,301,Cyprus
330649,Giolou,4803,Paphos,301,Cyprus
330650,Akourdaleia Kato,4803,Paphos,301,Cyprus
330651,Akourdaleia Pano,4803,Paphos,301,Cyprus
330652,Theletra,4803,Paphos,301,Cyprus
330653,Kritou Tera,4803,Paphos,301,Cyprus
330654,Loukrounou,4803,Paphos,301,Cyprus
330655,Miliou,4803,Paphos,301,Cyprus
330656,Moni Agion Anargyron,4803,Paphos,301,Cyprus
330657,Skoulli,4803,Paphos,301,Cyprus
330658,Tera,4803,Paphos,301,Cyprus
330659,Choli,4803,Paphos,301,Cyprus
330660,Lasa,4803,Paphos,301,Cyprus
330661,Agios Dimitrianos,4803,Paphos,301,Cyprus
330662,Drymou,4803,Paphos,301,Cyprus
330663,Drynia,4803,Paphos,301,Cyprus
330664,Milia,4803,Paphos,301,Cyprus
330665,Melamiou,4803,Paphos,301,Cyprus
330666,Kannaviou,4803,Paphos,301,Cyprus
330667,Kritou Marottou,4803,Paphos,301,Cyprus
330668,Fyti,4803,Paphos,301,Cyprus
330669,Psathi,4803,Paphos,301,Cyprus
330670,Lysos,4803,Paphos,301,Cyprus
330671,Agios Merkourios,4803,Paphos,301,Cyprus
330672,Anadiou,4803,Paphos,301,Cyprus
330673,Dasikos Stathmos Agias,4803,Paphos,301,Cyprus
330674,Dasikos Stathmos Stavrou tis Psokas,4803,Paphos,301,Cyprus
330675,Evretou,4803,Paphos,301,Cyprus
330676,Zacharia,4803,Paphos,301,Cyprus
330677,Kio (Istintzo),4803,Paphos,301,Cyprus
330678,Meladeia,4803,Paphos,301,Cyprus
330679,Melandra,4803,Paphos,301,Cyprus
330680,Peristerona Chrysochous,4803,Paphos,301,Cyprus
330681,Filousa Chrysochous,4803,Paphos,301,Cyprus
330682,Simou,4803,Paphos,301,Cyprus
330683,Trimithousa Chrysochous,4803,Paphos,301,Cyprus
330684,Sarama,4803,Paphos,301,Cyprus
330685,Poli Chrysochous,4803,Paphos,301,Cyprus
330687,Goudi,4803,Paphos,301,Cyprus
330688,Karamoullides,4803,Paphos,301,Cyprus
330689,Neo Chorio Pafou,4803,Paphos,301,Cyprus
330690,Loutra Tis Afroditis,4803,Paphos,301,Cyprus
330691,Prodromi,4803,Paphos,301,Cyprus
330692,Chrysochou,4803,Paphos,301,Cyprus
330693,Pomos,4803,Paphos,301,Cyprus
330694,Paliampela,4803,Paphos,301,Cyprus
330695,Agios Isidoros,4803,Paphos,301,Cyprus
330696,Argaka,4803,Paphos,301,Cyprus
330697,Gialia Kato,4803,Paphos,301,Cyprus
330698,Gialia Pano,4803,Paphos,301,Cyprus
330699,Kynousa,4803,Paphos,301,Cyprus
330700,Limni,4803,Paphos,301,Cyprus
330701,Leivadi,4803,Paphos,301,Cyprus
330702,Makounta,4803,Paphos,301,Cyprus
330703,Nea Dimmata,4803,Paphos,301,Cyprus
330704,Agia Marina Chrysochous,4803,Paphos,301,Cyprus
330705,Pelathousa,4803,Paphos,301,Cyprus
330706,Mirmikofou,4803,Paphos,301,Cyprus
330707,Steni,4803,Paphos,301,Cyprus
330709,Dali,4801,Nicosia,301,Cyprus
330710,Flasou,4801,Nicosia,301,Cyprus
330717,Pegeia Kolpos Korallion,4803,Paphos,301,Cyprus
330718,Pegeia Agios Georgios,4803,Paphos,301,Cyprus
330719,Pegeia,4803,Paphos,301,Cyprus
330724,Xylotympou,4501,Larnaca,301,Cyprus
330727,Latsi,4803,Paphos,301,Cyprus
330729,Zanatzia,4800,Limassol,301,Cyprus
330732,Dali Nea Ledra,4801,Nicosia,301,Cyprus
330733,Dali Constantia,4801,Nicosia,301,Cyprus
330735,Dali Ilioupoli,4801,Nicosia,301,Cyprus
330737,Agios Nikolaos Strovilion,4805,Famagusta,301,Cyprus
388332,Rest of Larnaca,4501,Larnaca,301,Cyprus
388333,Rest of Limassol,4800,Limassol,301,Cyprus
388334,Rest of Nicosia,4801,Nicosia,301,Cyprus
388335,Rest of Paphos,4803,Paphos,301,Cyprus
388336,Rest of Famagusta,4805,Famagusta,301,Cyprus
499110,Piraiki - Chatzikyriakio,105,Piraeus,105103,Attica
499111,Kallipoli - Freattida,105,Piraeus,105103,Attica
499112,Center - Port,105,Piraeus,105103,Attica
499113,Tabouria - Agia Sofia,105,Piraeus,105103,Attica
499114,Kastella - Passalimani,105,Piraeus,105103,Attica
499115,Center of Thessaloniki,108,Thessaloniki - Municipality,105101,Thessaloniki
499116,Sfageia - Ichthyoskala,108,Thessaloniki - Municipality,105101,Thessaloniki
499117,Vardaris - Lahanokipi,108,Thessaloniki - Municipality,105101,Thessaloniki
499118,Xirokrini - Panagia Faneromeni,108,Thessaloniki - Municipality,105101,Thessaloniki
499119,"40 Ekklisies - Evaggelistria",108,Thessaloniki - Municipality,105101,Thessaloniki
499120,Triandria - Doxa,108,Thessaloniki - Municipality,105101,Thessaloniki
499121,Toumpa,108,Thessaloniki - Municipality,105101,Thessaloniki
499122,Faliro - Ippokratio,108,Thessaloniki - Municipality,105101,Thessaloniki
499123,Analipsi - Mpotsari - Nea Paralia,108,Thessaloniki - Municipality,105101,Thessaloniki
499124,Voulgari - Ntepo - Martiou,108,Thessaloniki - Municipality,105101,Thessaloniki
499721,Kaminia - Palaia Kokkinia,105,Piraeus,105103,Attica
507500,Agioi Omologites,4801,Nicosia,301,Cyprus
507501,Makedonitissa,4801,Nicosia,301,Cyprus
507502,Lykabittos,4801,Nicosia,301,Cyprus
507503,Ayios Andreas,4801,Nicosia,301,Cyprus
507504,Zakaki,4800,Limassol,301,Cyprus
507505,Ekali,4800,Limassol,301,Cyprus
507506,Nea ekali,4800,Limassol,301,Cyprus
507507,Kapsalos,4800,Limassol,301,Cyprus
507508,Agia Fyla,4800,Limassol,301,Cyprus
507509,Saint Spyridonas,4800,Limassol,301,Cyprus
507805,Episkopi,4803,Paphos,301,Cyprus
